ALDDEG	ALDSEC	ANG1ANG2	ANG2DEG	ANGGEN2ANG1	Afeces_cap	Afeces_capall	Afeces_capss	Afeces_captot	Aurine_cap	Aurine_capall	Aurine_capme	Aurine_capss	Aurine_captot	DBP	DBP_change	DBP_change_relative	DBP_ratio	GU__F_cap_abs	KI__f_renal_function	MAP	MAP_change	PODOSE_cap	RENDEG	RENSEC	SBP	SBP_change	SBP_change_relative	SBP_ratio	[Cve_cap]	[Cve_capall]	[Cve_capme]	[Cve_capss]	[Cve_captot]	[ace]	[ald]	[ang1]	[ang2]	[anggen]	[ren]	ace_activity	ace_inhibition	ald_change	ald_ratio	ang1_change	ang1_ratio	ang2_change	ang2_ratio	f_cardiac_function	ren_change	ren_ratio	time
1.0105027952686e-06	1.0105027952686e-06	1.00300143544081e-09	1.00300143544081e-09	1.00300143544081e-09	0.0	0.0	0.0	0.0	0.0	0.0	0.0	0.0	0.0	80.0	0.0	0.0	1.0	0.6	1.0	93.33333333333333	0.0	100.0	0.1	0.1	120.0	0.0	0.0	1.0	0.0	0.0	0.0	0.0	0.0	1e-09	2.5e-07	1e-08	8e-09	1e-08	1e-09	1.0	0.0	0.0	1.0	0.0	1.0	0.0	1.0	1.0	0.0	1.0	0.0
9.604824941865876e-07	9.340273824520196e-07	2.8740185224343043e-11	9.270937297025296e-10	1.0851242393763293e-09	1.8180113212737666e-23	1.8180113212778785e-23	4.111852996888559e-35	1.8180113212778785e-23	0.0006208027204173336	0.0006217055804705356	8.853070696143116e-07	1.755298358782747e-08	0.0006208202734009214	78.76447272542511	-1.235527274574892	-0.01544409093218615	0.9845559090678139	0.6	1.0	91.89188484632929	-1.4414484870040383	94.17645335842478	0.10818770552401324	0.10818770565546122	118.14670908813765	-1.853290911862345	-0.015444090932186209	0.9845559090678138	0.003619327804964622	0.0036959959156904003	2.533744284771356e-05	5.1330667878064686e-05	0.0036706584728426867	1e-09	2.3762489789335105e-07	1.0657429416115785e-08	7.3945555565039086e-09	1e-08	1.0818770552401324e-09	0.026886578770098812	0.9731134212299012	-1.2375102106648942e-08	0.9504995915734042	6.574294161157846e-10	1.0657429416115785	-6.054444434960919e-10	0.9243194445629885	1.0	8.187705524013233e-11	1.0818770552401322	3.6
8.819751504543575e-07	8.554519015010788e-07	2.064145389285399e-11	8.49101545461914e-10	1.184795721594931e-09	1.4008972689052012e-21	1.4008972689580199e-21	5.281854026542266e-32	1.4008972689580199e-21	0.002304296565507267	0.002311311404620868	6.8785541590773976e-06	1.3628495452372052e-07	0.0023044328504617908	76.82530078248617	-3.174699217513833	-0.03968374021892292	0.960316259781077	0.6	1.0	89.62951757956719	-3.7038157537661363	88.69204367171565	0.11812502751546154	0.11812502766028696	115.23795117372926	-4.7620488262707426	-0.039683740218922854	0.9603162597810772	0.0054671688677142	0.005720695772002778	8.38417713688301e-05	0.00016968513291974797	0.005636854000633948	1e-09	2.1820205609127513e-07	1.145705832875008e-08	6.77248518663379e-09	1e-08	1.1812502751546155e-09	0.017962451360139742	0.9820375486398603	-3.1797943908724855e-08	0.8728082243651005	1.4570583287500798e-09	1.145705832875008	-1.2275148133662108e-09	0.8465606483292236	1.0	1.8125027515461542e-10	1.1812502751546154	7.2
8.077549490704691e-07	7.833138280968665e-07	1.8920899283113492e-11	7.774989813590339e-10	1.293907647965227e-09	1.6995555976925856e-20	1.699555597981173e-20	2.8858731836579266e-30	1.699555597981173e-20	0.0045418142846246415	0.0045631125707194	2.088478663100238e-05	4.134994637562547e-07	0.004542227784088398	74.99202347006288	-5.007976529937125	-0.06259970662421406	0.9374002933757859	0.6	1.0	87.4906940484067	-5.8426392849266335	83.52702114112726	0.12900356891279688	0.1290035690706125	112.48803520509432	-7.51196479490568	-0.062599706624214	0.937400293375786	0.006438667116111501	0.0069147193834826915	0.0001575380331076897	0.0003185142342635006	0.006757181350375002	1e-09	1.9983986013016447e-07	1.2334724316259725e-08	6.20137881272188e-09	1e-08	1.2900356891279687e-09	0.01529363679542528	0.9847063632045747	-5.016013986983552e-08	0.7993594405206579	2.3347243162597244e-09	1.2334724316259724	-1.7986211872781203e-09	0.775172351590235	1.0	2.900356891279686e-10	1.2900356891279685	10.8
7.396905469542573e-07	7.173348881144142e-07	1.8809770531870666e-11	7.120098290072363e-10	1.4129185262377913e-09	9.824272032538475e-20	9.824272037111433e-20	4.572957675604196e-29	9.824272037111433e-20	0.0070955891300294735	0.007140739081147196	4.427399140536375e-05	8.759597123577932e-07	0.007096465089741832	73.3107975793124	-6.689202420687593	-0.08361503025859492	0.916384969741405	0.6	1.0	85.52926384253114	-7.804069490802192	78.66278610665567	0.1408690432847513	0.1408690434567886	109.96619636896861	-10.03380363103139	-0.08361503025859492	0.916384969741405	0.006989373804860126	0.007709912702538602	0.0002386107616024659	0.00048192813607600995	0.007471301940936136	1e-09	1.8300061870626526e-07	1.3295045228471436e-08	5.6790333800016115e-09	1e-08	1.408690432847513e-09	0.014105618176240786	0.9858943818237592	-6.699938129373473e-08	0.7320024748250611	3.295045228471436e-09	1.3295045228471436	-2.320966619998389e-09	0.7098791725002014	1.0	4.08690432847513e-10	1.408690432847513	14.4
6.7749194441981e-07	6.570777317123656e-07	1.9458542629133232e-11	6.521999851851109e-10	1.5424898821285466e-09	3.7998995846653114e-19	3.799899588407554e-19	3.74224282419595e-28	3.799899588407554e-19	0.009836083095605894	0.009915318092912465	7.769883410686432e-05	1.5361631997069568e-06	0.0098376192588056	71.7744599681942	-8.225540031805807	-0.10281925039757259	0.8971807496024274	0.6	1.0	83.73686996289322	-9.596463370440105	74.08182206817244	0.1537874052444039	0.15378740543150007	107.6616899522913	-12.338310047708703	-0.10281925039757252	0.8971807496024274	0.007294002242350465	0.00826848499871981	0.00032293485715470895	0.0006515478992146352	0.0079455501415651	1e-09	1.676125854356808e-07	1.4344596403239472e-08	5.201986454972321e-09	1e-08	1.5378740524440392e-09	0.013524475206030173	0.9864755247939698	-8.238741456431919e-08	0.6704503417427232	4.3445964032394715e-09	1.4344596403239471	-2.79801354502768e-09	0.65024830687154	1.0	5.378740524440391e-10	1.537874052444039	18.0
6.207242428850923e-07	6.021018325773345e-07	2.0622880698437005e-11	5.976321937794192e-10	1.6833294604096524e-09	1.1419063999509369e-18	1.1419064019832589e-18	2.0323219710521074e-27	1.1419064019832589e-18	0.012680115933366806	0.012803920870250807	0.00012140638456592035	2.398552318080861e-06	0.012682514485684887	70.3722684170863	-9.627731582913697	-0.12034664478642121	0.8796533552135788	0.6	1.0	82.10097981993403	-11.232353513399303	69.76763260710536	0.16782921747961851	0.16782921768284276	105.55840262562945	-14.441597374370545	-0.12034664478642121	0.8796533552135788	0.007434004083587599	0.008664129808401998	0.0004079474573251304	0.0008221782674892685	0.008256182351076868	1e-09	1.5356816571697324e-07	1.54907921272395e-08	4.766750456477784e-09	1e-08	1.6782921747961853e-09	0.013273154472778215	0.9867268455272218	-9.643183428302675e-08	0.614272662867893	5.4907921272394985e-09	1.5490792127239499	-3.2332495435222163e-09	0.595843807059723	1.0	6.782921747961852e-10	1.6782921747961852	21.6
5.689635061667995e-07	5.519919648888574e-07	2.22222919672038e-11	5.478943113543319e-10	1.8361422220265946e-09	2.8853948173391262e-18	2.8853948256919507e-18	8.352824297952806e-27	2.8853948256919507e-18	0.01556914540288145	0.0157479886323274	0.0001753808673546586	3.4623620912920353e-06	0.015572607764972742	69.09375148327803	-10.906248516721973	-0.13632810645902466	0.8636718935409753	0.6	1.0	80.60937673049104	-12.723956602842293	65.7046819815098	0.1830647651286388	0.18306476534890564	103.64062722491704	-16.35937277508296	-0.13632810645902466	0.8636718935409753	0.007456337047350775	0.008938534484229124	0.0004919039982306881	0.0009902934386476613	0.008446630485998436	1e-09	1.4076247706359985e-07	1.67416637838637e-08	4.370038103592842e-09	1e-08	1.8306476512863882e-09	0.013233925296524451	0.9867660747034755	-1.0923752293640014e-07	0.5630499082543994	6.7416637838636985e-09	1.6741663783863698	-3.6299618964071587e-09	0.5462547629491051	1.0	8.306476512863882e-10	1.830647651286388	25.2
5.218154057524071e-07	5.063648024599252e-07	2.423724886256579e-11	5.026058573039445e-10	2.001592030158542e-09	6.4249629748111695e-18	6.424963002879463e-18	2.806829347094288e-26	6.424963002879463e-18	0.0184603828034574	0.018704530502375357	0.00023942446541604846	4.72323350190872e-06	0.01846510603695931	67.92916904882073	-12.070830951179275	-0.15088538688974093	0.849114613110259	0.6	1.0	79.25069722362417	-14.082636109709156	61.87833918062732	0.19956023585139343	0.19956023609057497	101.89375357323108	-18.10624642676892	-0.15088538688974099	0.849114613110259	0.007392646662703082	0.009119644035492225	0.0005735761573300989	0.0011534212154590431	0.008546067878162126	1e-09	1.290979619738964e-07	1.8105770877924473e-08	4.008814660035288e-09	1e-08	1.9956023585139342e-09	0.013346418762515633	0.9866535812374844	-1.2090203802610358e-07	0.5163918478955857	8.105770877924473e-09	1.8105770877924472	-3.991185339964712e-09	0.501101832504411	1.0	9.956023585139342e-10	1.9956023585139342	28.8
4.789181927376877e-07	4.6486982681096e-07	2.6677449602448474e-11	4.6141891518526325e-10	2.1802571268722104e-09	1.299307676990243e-17	1.2993076850908906e-17	8.100647691912733e-26	1.2993076850908906e-17	0.02132229501340746	0.021641680292471578	0.0003132109938582886	6.174285205828271e-06	0.02132846929861329	66.86958572891955	-13.130414271080454	-0.1641301783885057	0.8358698216114944	0.6	1.0	78.01451668373947	-15.318816649593856	58.27482523742572	0.2173732808182879	0.21737328107541865	100.30437859337933	-19.695621406620674	-0.1641301783885056	0.8358698216114944	0.007266120199577086	0.009228054071713902	0.000652100347889061	0.0013098335242477544	0.008575953723824841	1e-09	1.1848512319314941e-07	1.9592125539025885e-08	3.680305123252183e-09	1e-08	2.173732808182879e-09	0.013575667690807092	0.9864243323091929	-1.3151487680685057e-07	0.4739404927725977	9.592125539025884e-09	1.9592125539025884	-4.319694876747818e-09	0.46003814040652286	1.0	1.173732808182879e-09	2.173732808182879	32.4
4.399423783403465e-07	4.271884386131419e-07	2.956998940914737e-11	4.240172507576375e-10	2.3725729944345307e-09	2.435757558206801e-17	2.4357575789647522e-17	2.0757951275855843e-25	2.4357575789647522e-17	0.024131819603551683	0.02453595128997548	0.0003963247966972513	7.80688972654945e-06	0.02413962649327823	65.9068629804553	-14.093137019544699	-0.17616421274430874	0.8238357872556913	0.6	1.0	76.89134014386453	-16.441993189468803	54.88116360944151	0.23654731793995956	0.23654731821609587	98.86029447068296	-21.13970552931704	-0.17616421274430868	0.8238357872556913	0.007094373823945319	0.009279614603422146	0.0007268846765040384	0.001458356102972788	0.008552729926918107	1e-09	1.08842444672161e-07	2.121009504697395e-08	3.381987189849122e-09	1e-08	2.3654731793995957e-09	0.013899750339239625	0.9861002496607604	-1.41157555327839e-07	0.435369778688644	1.1210095046973949e-08	2.121009504697395	-4.618012810150879e-09	0.42274839873114023	1.0	1.3654731793995956e-09	2.365473179399596	36.0
4.0458942304135995e-07	3.930324620079542e-07	3.2954256378226074e-11	3.9011482740533027e-10	2.578758374891823e-09	4.295078405980623e-17	4.295078454332241e-17	4.835161762029839e-25	4.295078454332241e-17	0.026872399907764372	0.027370301175555795	0.000488290010977273	9.611256814147998e-06	0.026882011164578522	65.03362672309834	-14.966373276901663	-0.1870796659612708	0.8129203340387292	0.6	1.0	75.87256451028139	-17.460768823051936	51.68513344921937	0.25710415596349395	0.2571041562587646	97.55044008464752	-22.44955991535248	-0.18707966596127068	0.8129203340387293	0.0068909645579596284	0.009286743154044352	0.0007975436734052928	0.0015982349226794314	0.00848919948063906	1e-09	1.0009606725872953e-07	2.2969263077160288e-08	3.111579414511034e-09	1e-08	2.5710415596349397e-09	0.014304177795629647	0.9856958222043704	-1.4990393274127046e-07	0.40038426903491814	1.2969263077160287e-08	2.2969263077160287	-4.888420585488966e-09	0.3889474268138792	1.0	1.5710415596349397e-09	2.5710415596349394	39.6
3.725901103249185e-07	3.6214246506991133e-07	3.6879413336299904e-11	3.5945413906811116e-10	2.798721085733679e-09	7.200950559782022e-17	7.200950663933768e-17	1.0415174566008065e-24	7.200950663933768e-17	0.029532505800474337	0.030132675535164837	0.0005885928575291331	1.157687716136553e-05	0.029544082677635704	64.24322716984511	-15.756772830154887	-0.19695966037693607	0.8030403396230639	0.6	1.0	74.95043169815263	-18.3829016351807	48.67522559605584	0.2790346042230405	0.2790346045370634	96.36484075476767	-23.63515924523233	-0.19695966037693607	0.8030403396230639	0.006666351289661412	0.009259236702409926	0.000863849363350659	0.0017290360493978556	0.008395387339059267	1e-09	9.217938635832297e-08	2.487923318677594e-08	2.8670279133559517e-09	1e-08	2.790346042230405e-09	0.014779013935146135	0.9852209860648539	-1.5782061364167703e-07	0.3687175454332919	1.4879233186775938e-08	2.487923318677594	-5.132972086644049e-09	0.35837848916949394	1.0	1.790346042230405e-09	2.790346042230405	43.2
3.437028495332889e-07	3.3428605929473206e-07	4.140292439734169e-11	3.318045223529988e-10	3.031941431219761e-09	1.1572513114802496e-16	1.1572513324976082e-16	2.1017358480641317e-24	1.1572513324976082e-16	0.032104489121392715	0.03281488061348582	0.00069669863208666	1.3692860006445405e-05	0.03211818198139916	63.52969690665661	-16.47030309334339	-0.20587878866679238	0.7941212113332077	0.6	1.0	74.11797972443271	-19.215353608900614	45.8406011306519	0.3022868486611139	0.30228684899410174	95.29454535998492	-24.705454640015077	-0.2058787886667923	0.7941212113332077	0.006428583434773781	0.009204845448023663	0.0009256935453796388	0.0018505684678702431	0.008279151902644024	1e-09	8.503263205767032e-08	2.6949357879321476e-08	2.646492901236368e-09	1e-08	3.022868486611139e-09	0.01531725848326626	0.9846827415167337	-1.6496736794232966e-07	0.3401305282306813	1.6949357879321476e-08	2.6949357879321476	-5.3535070987636325e-09	0.33081161265454595	1.0	2.0228684866111392e-09	3.022868486611139	46.800000000000004
3.177119992831167e-07	3.0925623700217747e-07	4.6589439888850633e-11	3.0696050627921095e-10	3.2773332655119374e-09	1.7940314069489647e-16	1.794031447080793e-16	4.013182825338834e-24	1.794031447080793e-16	0.034583688711790246	0.03541170149032501	0.0008120645899904212	1.594818854434307e-05	0.03459963690033459	62.88770947997502	-17.112290520024978	-0.21390363150031222	0.7860963684996878	0.6	1.0	73.36899439330419	-19.964338940029137	43.1710523431106	0.3267525997180233	0.3267526000652608	94.33156421996253	-25.66843578003747	-0.21390363150031225	0.7860963684996878	0.0061838238860812	0.009129706292506394	0.0009830584115580836	0.001962823994867111	0.00814664788094831	1e-09	7.860245433528617e-08	2.918837649360266e-08	2.4483355292053367e-09	1e-08	3.267525997180233e-09	0.01591387693431423	0.9840861230656858	-1.7139754566471382e-07	0.3144098173411447	1.918837649360266e-08	2.918837649360266	-5.551664470794664e-09	0.3060419411506671	1.0	2.2675259971802326e-09	3.2675259971802326	50.4
2.944262370092776e-07	2.868697567454364e-07	5.250966659183139e-11	2.8474020967329183e-10	3.5330868078848267e-09	2.6963132085808277e-16	2.6963132816644874e-16	7.30836595582438e-24	2.6963132816644874e-16	0.03696772834175176	0.03792020987962803	0.0009341496266391545	1.8331911237123597e-05	0.03698606025298888	62.31253912361463	-17.687460876385373	-0.22109326095481716	0.7789067390451828	0.6	1.0	72.69796231088374	-20.63537102244959	40.656965974329964	0.35225142088974853	0.35225142124873904	93.46880868542195	-26.531191314578052	-0.2210932609548171	0.7789067390451829	0.005936755918904452	0.009038679894748198	0.0010359935987783015	0.002065930377065444	0.008002686295969896	1e-09	7.284151968402438e-08	3.160394685363758e-08	2.271105102043258e-09	1e-08	3.5225142088974853e-09	0.016565188545530685	0.9834348114544693	-1.771584803159756e-07	0.29136607873609754	2.160394685363758e-08	3.160394685363758	-5.728894897956742e-09	0.2838881377554072	1.0	2.522514208897485e-09	3.5225142088974852	54.0
2.7367696641912456e-07	2.66965559835652e-07	5.923897718521585e-11	2.649837694484e-10	3.796503765586623e-09	3.9445605758932703e-16	3.944560703629555e-16	1.27736284860087e-23	3.944560703629555e-16	0.03925596572459532	0.04033922046374696	0.001062421456044082	2.0833283107554495e-05	0.039276799007702874	61.80002142205909	-18.19997857794091	-0.2274997322242614	0.7725002677757387	0.6	1.0	72.10002499240227	-21.23330834093106	38.28928859784048	0.3785142903527446	0.3785142907162559	92.70003213308864	-27.29996786691136	-0.22749973222426131	0.7725002677757387	0.005690902866535317	0.008935615839070054	0.0010845982721913758	0.0021601147003433617	0.007851017566878678	1e-09	6.770811711272381e-08	3.4202061001210814e-08	2.1135265421185925e-09	1e-08	3.785142903527446e-09	0.01726846440092855	0.9827315355990714	-1.822918828872762e-07	0.27083246845089526	2.4202061001210814e-08	3.4202061001210815	-5.8864734578814084e-09	0.26419081776482406	1.0	2.7851429035274462e-09	3.7851429035274458	57.6
2.5531673455960534e-07	2.494031842229467e-07	6.685557717882709e-11	2.4755176625971815e-10	4.063844479026653e-09	5.63566103973913e-16	5.635661255117428e-16	2.153782984601076e-23	5.635661255117428e-16	0.04144906056533134	0.04266886427063464	0.0011963618372643366	2.3441868038964274e-05	0.041472502433370306	61.346514211201615	-18.653485788798385	-0.23316857235997981	0.7668314276400202	0.6	1.0	71.57093324640188	-21.76240008693145	36.05949401768737	0.40516836122379335	0.4051683615896782	92.01977131680242	-27.98022868319758	-0.23316857235997984	0.7668314276400202	0.005448880121014129	0.008823562197626353	0.0011290071670072052	0.0022456749096050185	0.0076945550306191475	1e-09	6.316576652609358e-08	3.6986346188375974e-08	1.974487832320371e-09	1e-08	4.051683612237933e-09	0.018021654427402556	0.9819783455725974	-1.868342334739064e-07	0.25266306610437433	2.6986346188375974e-08	3.6986346188375974	-6.0255121676796295e-09	0.24681097904004637	1.0	3.0516836122379335e-09	4.051683612237933	61.2
2.3921761748001657e-07	2.3406113137272464e-07	7.543810028873448e-11	2.3232360350407608e-10	4.330218124471101e-09	7.884832575244811e-16	7.884832927066324e-16	3.5182151373202664e-23	7.884832927066324e-16	0.04354863653323602	0.04491025442596704	0.0013354702819649194	2.6147610766100373e-05	0.04357478414400212	60.94885770338104	-19.051142296618963	-0.23813927870773705	0.761860721292263	0.6	1.0	71.10700065394455	-22.226332679388776	33.959552564916116	0.43172601468591215	0.43172601505520836	91.42328655507157	-28.57671344492843	-0.2381392787077369	0.7618607212922631	0.005212593984821814	0.008704931449482114	0.001169379748498179	0.002322957716162122	0.0075355517009839355	1e-09	5.9182819335108945e-08	3.995727061389278e-08	1.8530270868613223e-09	1e-08	4.317260146859122e-09	0.0188231964056923	0.9811768035943077	-1.9081718066489106e-07	0.23673127734043578	2.9957270613892775e-08	3.9957270613892777	-6.146972913138678e-09	0.23162838585766526	1.0	3.317260146859122e-09	4.317260146859121	64.8
2.252695267764228e-07	2.2083513723301747e-07	8.506257204026635e-11	2.1919579112258544e-10	4.589558374202946e-09	1.0827594149775121e-15	1.082759470851456e-15	5.587394382934561e-23	1.082759470851456e-15	0.04555701737234169	0.04706522484210852	0.0014792665843704738	2.894088539635093e-05	0.04558595825773804	60.60433265815432	-19.39566734184568	-0.242445841773071	0.757554158226929	0.6	1.0	70.7050547678467	-22.628278565486625	31.981902182090757	0.4575824332879322	0.4575824336334453	90.90649898723149	-29.093501012768513	-0.24244584177307094	0.7575541582269291	0.004983398578199779	0.008581631942578537	0.0012058918285563372	0.0023923415358224212	0.0073757401140222	1e-09	5.573203949340493e-08	4.3111299993051886e-08	1.748318862784087e-09	1e-08	4.575824332879322e-09	0.01967187865788289	0.9803281213421171	-1.9426796050659507e-07	0.22292815797361973	3.311129999305188e-08	4.311129999305188	-6.251681137215913e-09	0.21853985784801086	1.0	3.575824332879322e-09	4.575824332879321	68.4
2.1337838969248025e-07	2.096363015567339e-07	9.579878212788936e-11	2.0808008880966656e-10	4.834733993970929e-09	1.462179504138788e-15	1.462179590666439e-15	8.652765103965923e-23	1.462179590666439e-15	0.04747702151434462	0.04913612648259623	0.0016272924424052466	3.181252584636609e-05	0.04750883404019098	60.31061542984673	-19.689384570153273	-0.2461173071269159	0.7538826928730841	0.6	1.0	70.36238466815452	-22.97094866517881	30.11942119171246	0.48202662759361936	0.4820266279097314	90.4659231447701	-29.5340768552299	-0.24611730712691582	0.7538826928730842	0.0047622195865452644	0.008455172088965178	0.0012387291162558615	0.0024542233861640514	0.007216442972709316	1e-09	5.279015325132339e-08	4.6440084567246237e-08	1.6596593500843179e-09	1e-08	4.8202662759361935e-09	0.020566738753782343	0.9794332612462177	-1.972098467486766e-07	0.21116061300529357	3.644008456724624e-08	4.644008456724624	-6.3403406499156824e-09	0.20745741876053972	1.0	3.820266275936194e-09	4.820266275936193	72.0
2.0346416511674604e-07	2.0038904310345513e-07	1.0770624271867968e-10	1.989014763941854e-10	5.057840178662868e-09	1.944969822104585e-15	1.9449699531005335e-15	1.309959485908675e-22	1.9449699531005335e-15	0.04931180282744901	0.0511256690514141	0.0017791123815350648	3.4753842430025835e-05	0.049346556669879034	60.06572896166061	-19.93427103833939	-0.24917838797924236	0.7508216120207576	0.6	1.0	70.07668378860404	-23.256649544729285	28.365402650494264	0.5042704825681524	0.5042704828661249	90.09859344249091	-29.90140655750909	-0.24917838797924244	0.7508216120207576	0.004549651778080754	0.008326742963601575	0.0012680822893915403	0.0025090088961292807	0.007058660674210035	1e-09	5.0337358310489275e-08	4.992979125171531e-08	1.5864501833481029e-09	1e-08	5.042704825681524e-09	0.02150698692564834	0.9784930130743517	-1.996626416895107e-07	0.20134943324195712	3.9929791251715306e-08	4.992979125171531	-6.413549816651898e-09	0.19830627291851285	1.0	4.042704825681524e-09	5.042704825681524	75.60000000000001
1.9545867886597255e-07	1.930288734240179e-07	1.208300691747507e-10	1.9159594415010963e-10	5.2506950681486286e-09	2.552011337029399e-15	2.552011531323726e-15	1.942943268808532e-22	2.552011531323726e-15	0.05106472771667563	0.05303679849217555	0.0019343141475740386	3.7756627925883574e-05	0.05110248434460152	59.86798931605456	-20.13201068394544	-0.251650133549318	0.748349866450682	0.6	1.0	69.84598753539699	-23.487345797936342	26.713530197124257	0.5234982605823487	0.523498260826956	89.80198397408185	-30.19801602591815	-0.2516501335493179	0.7483498664506821	0.004346035773123458	0.008197283792041236	0.0012941432604465185	0.002557104758471259	0.006903140531594717	1e-09	4.835678826945204e-08	5.356072195288744e-08	1.5281808171363581e-09	1e-08	5.234982605823487e-09	0.02249194678200883	0.9775080532179912	-2.0164321173054794e-07	0.19342715307780817	4.3560721952887445e-08	5.3560721952887445	-6.471819182863642e-09	0.19102260214204475	1.0	4.234982605823487e-09	5.234982605823486	79.2
1.893032944961804e-07	1.8750001857155514e-07	1.3519726655828262e-10	1.8610813216252377e-10	5.405523484946147e-09	3.307057536975214e-15	3.30705781983764e-15	2.828624259589913e-22	3.30705781983764e-15	0.052739280835959156	0.0548726026906174	0.002092508698924007	4.081315573423628e-05	0.052780093991693394	59.7159481425738	-20.2840518574262	-0.25355064821782747	0.7464493517821725	0.6	1.0	69.6686061663361	-23.664727166997224	25.15785530653277	0.5389347705739292	0.5389347707626837	89.5739222138607	-30.426077786139302	-0.2535506482178275	0.7464493517821725	0.004151518403450224	0.008067533878405636	0.0013171023789152326	0.0025989130960401793	0.006750431499490403	1e-09	4.683393637863763e-08	5.7307362338528173e-08	1.4844096974256549e-09	1e-08	5.389347705739293e-09	0.02352100838111093	0.9764789916188891	-2.0316606362136235e-07	0.18733574551455054	4.730736233852817e-08	5.730736233852817	-6.515590302574345e-09	0.18555121217820686	1.0	4.389347705739293e-09	5.389347705739293	82.8
1.8494647760090852e-07	1.837529618455805e-07	1.5081398621038567e-10	1.823888913128914e-10	5.5157519297333544e-09	4.236956434294409e-15	4.2369568391599064e-15	4.048654973202563e-22	4.2369568391599064e-15	0.05433899329134422	0.05663623936394136	0.002253329900430413	4.3916172166726504e-05	0.054382909463510945	59.60833251475878	-20.39166748524122	-0.25489584356551526	0.7451041564344847	0.6	1.0	69.54305460055191	-23.790278732781417	23.692775868782544	0.5499246296999797	0.5499246298504789	89.41249877213816	-30.587501227861836	-0.2548958435655153	0.7451041564344847	0.0039661000966065875	0.007938073786779838	0.0013371463661068857	0.002634827324066364	0.006600927420672952	1e-09	4.575605294385856e-08	6.113897171345179e-08	1.4547448078794276e-09	1e-08	5.499246296999797e-09	0.024593590325889036	0.975406409674111	-2.0424394705614143e-07	0.18302421177543424	5.1138971713451795e-08	6.113897171345179	-6.545255192120573e-09	0.18184310098492842	1.0	4.499246296999797e-09	5.499246296999797	86.4
1.8234135480134208e-07	1.8174202268423521e-07	1.6766427592504653e-10	1.803928801441372e-10	5.576782623530261e-09	5.371876357197512e-15	5.3718769277369346e-15	5.705394219654211e-22	5.3718769277369346e-15	0.05586738849525827	0.05833088137843669	0.0024164339987146665	4.705888446375376e-05	0.055914447379722024	59.54398463594046	-20.45601536405954	-0.25570019205074423	0.7442998079492558	0.6	1.0	69.46798207526386	-23.865351258069467	22.31301601542259	0.5560094359266113	0.5560094359818378	89.31597695391068	-30.684023046089322	-0.25570019205074435	0.7442998079492557	0.0037896720054135294	0.007809358005340622	0.0013544568214167556	0.0026652291785103366	0.0064549011839238665	1e-09	4.511154141658614e-08	6.502074845854708e-08	1.4388245022987924e-09	1e-08	5.560094359266113e-09	0.02570910859857145	0.9742908914014285	-2.0488845858341384e-07	0.18044616566634455	5.502074845854708e-08	6.5020748458547075	-6.5611754977012085e-09	0.17985306278734903	1.0	4.560094359266113e-09	5.560094359266112	90.0
1.814434022669366e-07	1.81423115055014e-07	1.8571065617574353e-10	1.800763398917207e-10	5.5865855563857384e-09	6.7455351822310655e-15	6.745535974813825e-15	7.9258275951844455e-22	6.745535974813825e-15	0.05732794184721398	0.0599596757341974	0.002581498941202098	5.023494578132269e-05	0.057378176792995304	59.52180474450573	-20.47819525549427	-0.2559774406936784	0.7440225593063217	0.6	1.0	69.44210553525669	-23.891227798076642	21.013607120663554	0.5569867957298072	0.5569867957355816	89.28270711675859	-30.717292883241413	-0.25597744069367845	0.7440225593063216	0.0036220450362306907	0.007681740859474374	0.001369209173022877	0.002690486650220806	0.006312531686451497	1e-09	4.488938653027363e-08	6.891549718373896e-08	1.4362997581360693e-09	1e-08	5.569867957298072e-09	0.026866950567924763	0.9731330494320752	-2.0511061346972637e-07	0.17955754612109454	5.891549718373897e-08	6.891549718373896	-6.563700241863931e-09	0.17953746976700866	1.0	4.569867957298072e-09	5.569867957298071	93.60000000000001
1.8220841091626658e-07	1.8275183196424835e-07	2.0489653889441922e-10	1.813951932125591e-10	5.545967684081029e-09	8.395432682070811e-15	8.395433768670149e-15	1.0865993378661566e-21	8.395433768670149e-15	0.058724051219639604	0.06152571324490637	0.002748223587156553	5.3438438110209887e-05	0.058777489657749815	59.5407008533073	-20.4592991466927	-0.2557412393336588	0.7442587606663412	0.6	1.0	69.46415099552519	-23.86918233780814	19.789869908952962	0.5529371632099038	0.5529371631504544	89.31105127996095	-30.68894872003905	-0.2557412393336588	0.7442587606663412	0.0034629724809957644	0.007555497073565579	0.0013815719728315125	0.0027109526197383023	0.006173925100734067	1e-09	4.5078650887807304e-08	7.278561163885565e-08	1.4468190118418931e-09	1e-08	5.5293716320990386e-09	0.028066453090328736	0.9719335469096713	-2.0492134911219267e-07	0.18031460355122922	6.278561163885566e-08	7.278561163885565	-6.553180988158108e-09	0.18085237648023664	1.0	4.529371632099039e-09	5.529371632099038	97.2
1.845908587509419e-07	1.856819756400461e-07	2.2515014917857084e-10	1.8430358527899747e-10	5.458449861212809e-09	1.0363085682636712e-14	1.0363087154231634e-14	1.4715949212228026e-21	1.0363087154231634e-14	0.06005901586388093	0.06303200656581932	0.0029163268480677505	5.6663853870644326e-05	0.06011567971775158	59.59954854547066	-20.40045145452934	-0.2550056431816167	0.7449943568183832	0.6	1.0	69.53280663638245	-23.800526696950882	18.637397604552312	0.5442115702271025	0.5442115702320568	89.399322818206	-30.600677181793998	-0.25500564318161667	0.7449943568183833	0.0033121676025397524	0.007430838090503154	0.00139170645676466	0.0027269640311987416	0.006039131633738494	1e-09	4.5668072274326594e-08	7.659510919807162e-08	1.470016522542644e-09	1e-08	5.442115702271025e-09	0.02930688396594805	0.970693116034052	-2.0433192772567338e-07	0.18267228909730637	6.659510919807162e-08	7.659510919807161	-6.5299834774573564e-09	0.1837520653178305	1.0	4.442115702271025e-09	5.442115702271025	100.8
1.8854277603717496e-07	1.9016459979199509e-07	2.463893279467282e-10	1.88752933148195e-10	5.3297814397924145e-09	1.2694265742147975e-14	1.2694267712679498e-14	1.9705315232352724e-21	1.2694267712679498e-14	0.06133602185521949	0.06448147471808136	0.0030855467861089676	5.990607675289283e-05	0.061395927931972384	59.69716294379264	-20.30283705620736	-0.253785463202592	0.746214536797408	0.6	1.0	69.64669010109142	-23.686643232241906	17.552040062594028	0.5313832315155186	0.5313832313553117	89.54574441568897	-30.454255584311028	-0.2537854632025919	0.7462145367974081	0.003169317240974769	0.00730792502758153	0.0013997663083109508	0.0027388414782958097	0.005908158719270579	1e-09	4.6645782901337424e-08	8.031143818796276e-08	1.5055047897532854e-09	1e-08	5.313832315155186e-09	0.030587426251171723	0.9694125737488283	-2.0335421709866256e-07	0.1865831316053497	7.031143818796277e-08	8.031143818796275	-6.4944952102467155e-09	0.18818809871916067	1.0	4.313832315155186e-09	5.313832315155186	104.4
1.9401312550580287e-07	1.9614756330616953e-07	2.6852647937177177e-10	1.946914827702293e-10	5.167210531696299e-09	1.5439239078893767e-14	1.5439241689836603e-14	2.6109428360118465e-21	1.5439241689836603e-14	0.06255813258848796	0.06587693264331743	0.0032556396925914	6.316036223806518e-05	0.06262129295072602	59.83228340136175	-20.16771659863825	-0.25209645748297815	0.7479035425170218	0.6	1.0	69.80433063492204	-23.52900269841129	16.52988882324459	0.5151747892988167	0.5151747889374959	89.74842510204263	-30.25157489795737	-0.2520964574829781	0.747903542517022	0.0030340922896537866	0.00718687896823946	0.001405897576393699	0.0027468891021919743	0.005780981391845761	1e-09	4.799915606721121e-08	8.390683590568111e-08	1.5528710200472579e-09	1e-08	5.1517478929881664e-09	0.031907165060237164	0.9680928349397628	-2.0200084393278878e-07	0.19199662426884487	7.390683590568111e-08	8.390683590568111	-6.447128979952743e-09	0.19410887750590722	1.0	4.1517478929881666e-09	5.151747892988166	108.0
2.0094765759165374e-07	2.0357553471672418e-07	2.914729923006736e-10	2.0206431342649608e-10	4.978671706445425e-09	1.8653008500378482e-14	1.865301192599303e-14	3.425614545503716e-21	1.865301192599303e-14	0.06372828316995598	0.06722108465107	0.0034263791629873396	6.642231812668738e-05	0.06379470548808266	60.003569925895775	-19.996430074104225	-0.24995537592630282	0.7500446240736972	0.6	1.0	70.00416491354507	-23.32916841978826	15.56726303804803	0.49637732614583396	0.49637732582882166	90.00535488884367	-29.99464511115633	-0.24995537592630276	0.7500446240736972	0.0029061557007037824	0.007067789134354923	0.0014102387096897914	0.0027513947239613487	0.005657550424665131	1e-09	4.971477034317361e-08	8.735911699077213e-08	1.611677162457425e-09	1e-08	4.9637732614583394e-09	0.03326507671461876	0.9667349232853812	-2.0028522965682639e-07	0.19885908137269445	7.735911699077213e-08	8.735911699077212	-6.388322837542576e-09	0.20145964530717814	1.0	3.9637732614583396e-09	4.963773261458339	111.60000000000001
2.0928914620883972e-07	2.1239033931653872e-07	3.151426884776086e-10	2.108136822636146e-10	4.772042638848617e-09	2.2395557087017088e-14	2.2395561540349956e-14	4.453332868738378e-21	2.2395561540349956e-14	0.06484927777006788	0.06851652083637554	0.0035975551809877154	6.968788531993509e-05	0.06491896565538782	60.209609003513314	-19.790390996486686	-0.24737988745608358	0.7526201125439165	0.6	1.0	70.2445438374322	-23.088789495901125	14.660696214435296	0.4757762521796739	0.4757762516507797	90.31441350526997	-29.685586494730032	-0.2473798874560836	0.7526201125439164	0.0027851685593849903	0.006950719385629964	0.0014129206769225014	0.0027526301493224718	0.0055377987087074625	1e-09	5.177846790448732e-08	9.065189185058871e-08	1.6814626564993013e-09	1e-08	4.757762521796739e-09	0.03466002000982438	0.9653399799901756	-1.9822153209551266e-07	0.20711387161794928	8.065189185058871e-08	9.065189185058872	-6.318537343500699e-09	0.21018283206241264	1.0	3.757762521796739e-09	4.757762521796739	115.2
2.1897788665935618e-07	2.2253152555696365e-07	3.3945410834571504e-10	2.2087958648856536e-10	4.554571549119804e-09	2.673209341083883e-14	2.6732099150543818e-14	5.739704985649191e-21	2.6732099150543818e-14	0.06592378922659224	0.06976571576632029	0.003768973220696366	7.295331903168473e-05	0.06599674254562393	60.44892589733335	-19.551074102666647	-0.24438842628333307	0.7556115737166669	0.6	1.0	70.52374688022225	-22.80958645311108	13.806923732608894	0.4540942204253288	0.45409422001644956	90.67338884600002	-29.326611153999977	-0.24438842628333315	0.7556115737166669	0.0026707946384825704	0.006835713387119614	0.0014140671500601895	0.002750851598576854	0.005421646237059425	1e-09	5.417547771383206e-08	9.377430481959631e-08	1.7617489162734115e-09	1e-08	4.540942204253288e-09	0.03609072957307469	0.9639092704269253	-1.9582452228616792e-07	0.21670191085532825	8.377430481959632e-08	9.377430481959632	-6.238251083726589e-09	0.22021861453417643	1.0	3.540942204253288e-09	4.540942204253287	118.8
2.299523331917437e-07	2.3393703110071438e-07	3.643316820395284e-10	2.3220042447721174e-10	4.33251525242952e-09	3.1733298077347194e-14	3.173330541540208e-14	7.33805488359749e-21	3.173330541540208e-14	0.06695436032985101	0.07097102887399435	0.003940453373583495	7.62151705598432e-05	0.06703057550041086	60.72000039550355	-19.279999604496453	-0.24099999505620567	0.7590000049437944	0.6	1.0	70.8400004614208	-22.49333287191253	13.002871089470894	0.43195504007682883	0.43195503957368736	91.08000059325532	-28.91999940674468	-0.24099999505620567	0.7590000049437944	0.0025627037646978328	0.0067227987212323224	0.0014137947321095543	0.002746300224424935	0.005309003989122768	1e-09	5.689057325433238e-08	9.672043399808247e-08	1.852044603506768e-09	1e-08	4.3195504007682884e-09	0.0375558112493779	0.9624441887506221	-1.931094267456676e-07	0.22756229301732953	8.672043399808247e-08	9.672043399808247	-6.147955396493233e-09	0.231505575438346	1.0	3.3195504007682886e-09	4.319550400768288	122.4
2.421497706689584e-07	2.46543851060102e-07	3.897059863779229e-10	2.447136590519351e-10	4.110975596719876e-09	3.7475571392154826e-14	3.7475580702552923e-14	9.310398098517182e-21	3.7475580702552923e-14	0.0679434063473442	0.0721347061218543	0.0041118295048048524	7.947026970523695e-05	0.06802287661704945	61.02128340174359	-18.978716598256412	-0.23723395747820514	0.7627660425217948	0.6	1.0	71.19149730203418	-22.14183603129915	12.245642827011006	0.40986736922396727	0.40986736879609365	91.53192510261538	-28.468074897384625	-0.23723395747820522	0.7627660425217948	0.002460574258132604	0.006611990162358914	0.0014122132153596984	0.002739202688866612	0.005199776946999216	1e-09	5.990823870125786e-08	9.948850337596287e-08	1.9518509178953324e-09	1e-08	4.098673692239673e-09	0.03905373948144297	0.960946260518557	-1.9009176129874213e-07	0.23963295480503147	8.948850337596288e-08	9.948850337596287	-6.048149082104668e-09	0.24398136473691653	1.0	3.098673692239673e-09	4.0986736922396725	126.0
2.5550694206330117e-07	2.6028864028177033e-07	4.155133528111533e-10	2.5835641529537553e-10	3.893891620419328e-09	4.4041281967020904e-14	4.4041293695519773e-14	1.1728498871689058e-20	4.4041293695519773e-14	0.06889321844343486	0.07325888259331206	0.0042829484419809	8.271570789629038e-05	0.06897593415133116	61.351212434794064	-18.648787565205936	-0.2331098445650742	0.7668901554349258	0.6	1.0	71.57641450725974	-21.756918826073587	11.53251210559311	0.3882239329705444	0.3882239325445399	92.0268186521911	-27.973181347808904	-0.2331098445650742	0.7668901554349258	0.0023640946501847244	0.006503292286406696	0.0014094258591811335	0.002729771777040838	0.005093866427225563	1e-09	6.321282416526747e-08	1.0208003633537201e-07	2.0606663653025003e-09	1e-08	3.8822393297054444e-09	0.04058285666603889	0.9594171433339611	-1.867871758347325e-07	0.25285129666106987	9.208003633537201e-08	10.208003633537201	-5.9393336346975e-09	0.2575832956628125	1.0	2.8822393297054446e-09	3.882239329705444	129.6
2.6996058297030913e-07	2.751082106769295e-07	4.416950874160808e-10	2.7306597418878736e-10	3.684134881838051e-09	5.151901609033439e-14	5.151903076534754e-14	1.467501314617656e-20	5.151903076534754e-14	0.06980596772537424	0.07434558574575381	0.004453669198325821	8.594882205374049e-05	0.06989191654742799	61.70822483118569	-18.29177516881431	-0.22864718961017888	0.7713528103898211	0.6	1.0	71.99292896971663	-21.3404043636167	10.860910884338736	0.36731102784702474	0.3673110274615808	92.56233724677853	-27.437662753221474	-0.22864718961017896	0.7713528103898211	0.0022729648424840245	0.006396701552464886	0.0014055296789900382	0.0027182070309908226	0.004991171873474847	1e-09	6.678867793199705e-08	1.0449904421877806e-07	2.1779906950484266e-09	1e-08	3.6731102784702473e-09	0.042141374456824865	0.9578586255431751	-1.8321132206800294e-07	0.2671547117279882	9.449904421877807e-08	10.449904421877806	-5.822009304951574e-09	0.27224883688105334	1.0	2.673110278470247e-09	3.673110278470247	133.20000000000002
2.8544784042193824e-07	2.9093990885289047e-07	4.681965193839959e-10	2.8878014744026634e-10	3.4836601111060553e-09	6.000382769844531e-14	6.000384594316615e-14	1.8244720848740635e-20	6.000384594316615e-14	0.07068370970814497	0.07539673911848985	0.0046238622311327235	8.916717921216637e-05	0.07077287688735713	62.09076809014124	-17.90923190985876	-0.2238653988732345	0.7761346011267655	0.6	1.0	72.43922943849812	-20.89410389483521	10.228420673442223	0.34732354192245185	0.34732354157007245	93.13615213521186	-26.86384786478814	-0.2238653988732345	0.7761346011267655	0.002186896834529905	0.006292207964974638	0.001400615739996639	0.0027046953904480936	0.004891592224977998	1e-09	7.062025007710737e-08	1.0675130665656631e-07	2.3033278895625915e-09	1e-08	3.4732354192245183e-09	0.04372737698093665	0.9562726230190634	-1.7937974992289263e-07	0.2824810003084295	9.675130665656632e-08	10.675130665656631	-5.696672110437409e-09	0.28791598619532394	1.0	2.4732354192245185e-09	3.473235419224518	136.8
3.019065731750533e-07	3.077218768663515e-07	4.949660353164599e-10	3.054375363023614e-10	3.2936746827011596e-09	6.959748879386525e-14	6.959751133971607e-14	2.2545850817586953e-20	6.959751133971607e-14	0.0715283890378729	0.07641416633568965	0.004793408735915619	9.236856190113053e-05	0.07162075759977403	62.4973072908564	-17.502692709143602	-0.21878365886429502	0.7812163411357049	0.6	1.0	72.9135251726658	-20.41980816066753	9.632763824971025	0.3283818513433752	0.32838185102695105	93.7459609362846	-26.254039063715396	-0.21878365886429496	0.781216341135705	0.002105615120789984	0.006189796402616061	0.0013947694509132088	0.002689411830912868	0.004795026951702852	1e-09	7.469216675813451e-08	1.0884376962946823e-07	2.436188228728701e-09	1e-08	3.283818513433752e-09	0.04533882591636518	0.9546611740836348	-1.7530783324186547e-07	0.29876866703253807	9.884376962946824e-08	10.884376962946822	-5.5638117712713e-09	0.3045235285910876	1.0	2.2838185134337523e-09	3.283818513433752	140.4
3.192755437065357e-07	3.253932097558615e-07	5.219542001914363e-10	3.229776879351134e-10	3.114803024663448e-09	8.040874016611494e-14	8.04087678676167e-14	2.7701501753744405e-20	8.04087678676167e-14	0.07234184435126625	0.07739959528155953	0.004962199976014236	9.555095427903122e-05	0.07243739530554529	62.92632983487805	-17.073670165121953	-0.2134208770640244	0.7865791229359755	0.6	1.0	73.41405147402439	-19.91928185930894	9.071795330984845	0.310548212056598	0.31054821212365424	94.38949475231708	-25.610505247682923	-0.21342087706402435	0.7865791229359756	0.0020288568362454313	0.006089447682082487	0.0013880708540240166	0.0026725199918130396	0.004701376828058471	1e-09	7.898927771438514e-08	1.10784065507963e-07	2.5760895370457186e-09	1e-08	3.10548212056598e-09	0.04697356736132874	0.9530264326386713	-1.7101072228561484e-07	0.3159571108575406	1.0078406550796301e-07	11.0784065507963	-5.423910462954282e-09	0.32201119213071483	1.0	2.10548212056598e-09	3.1054821205659797	144.0
3.374945193778023e-07	3.438940289450763e-07	5.491130202146966e-10	3.4134116826440915e-10	2.9472327785896864e-09	9.255354227957042e-14	9.255357613073304e-14	3.3851162616922564e-20	9.255357613073304e-14	0.07312581317777028	0.07835466235388444	0.005130136647108403	9.871252900576136e-05	0.07322452570677604	63.3763479449202	-16.623652055079802	-0.20779565068849754	0.7922043493115025	0.6	1.0	73.9390726024069	-19.394260730926433	8.543495099892619	0.2938413320709162	0.29384133198485646	95.06452191738029	-24.93547808261971	-0.2077956506884976	0.7922043493115024	0.0019563717123811035	0.0059911394107998745	0.0013805949089653504	0.0026541727894534204	0.004610544501834524	1e-09	8.349668129519954e-08	1.1258014612645021e-07	2.7225577647504988e-09	1e-08	2.9384133207091617e-09	0.04862934040471134	0.9513706595952887	-1.6650331870480045e-07	0.33398672518079814	1.0258014612645021e-07	11.25801461264502	-5.277442235249501e-09	0.3403197205938123	1.0	1.9384133207091614e-09	2.9384133207091616	147.6
3.565043035905667e-07	3.63165492659622e-07	5.763953643792323e-10	3.60469572321517e-10	2.7908371667290308e-09	1.0615532620171847e-13	1.0615536735405315e-13	4.1152334683256236e-20	1.0615536735405315e-13	0.0738819368151101	0.07928091672538204	0.0052971282754447875	0.00010185163482715503	0.07398378844993725	63.845899434427324	-16.154100565572676	-0.20192625706965844	0.7980737429303415	0.6	1.0	74.48688267349854	-18.846450659834787	8.04596067897966	0.2782485715489015	0.278248571434538	95.76884915164098	-24.23115084835902	-0.20192625706965853	0.7980737429303415	0.0018879218933074635	0.005894846672950389	0.0013724117684154697	0.0026345130112274554	0.004522434904534919	1e-09	8.819973216793647e-08	1.1424001238311577e-07	2.8751270702865463e-09	1e-08	2.7824857154890147e-09	0.05030378725475071	0.9496962127452493	-1.6180026783206351e-07	0.3527989286717459	1.0424001238311577e-07	11.424001238311577	-5.124872929713455e-09	0.35939088378581824	1.0	1.7824857154890147e-09	2.7824857154890146	151.20000000000002
3.7624671559197475e-07	3.8314976178943695e-07	6.037545556933419e-10	3.803054903588461e-10	2.64527308936683e-09	1.21345244453264e-13	1.213452942355248e-13	4.9782260787015766e-20	1.213452942355248e-13	0.07461176512531253	0.08017982455965512	0.005463092649479027	0.00010496678486356362	0.0747167319101761	64.33354720875082	-15.666452791249185	-0.19583065989061482	0.8041693401093852	0.6	1.0	75.05580507687596	-18.277528256457373	7.577400406991629	0.26373572319009264	0.26373572321935307	96.50032081312622	-23.499679186873777	-0.19583065989061482	0.8041693401093852	0.0018232816470347298	0.005800542579308271	0.0013635870441869337	0.0026136738880866077	0.004436955535121337	1e-09	9.308403632173161e-08	1.157715248700794e-07	3.0333395500412648e-09	1e-08	2.6373572319009263e-09	0.051994464853433064	0.9480055351465669	-1.5691596367826838e-07	0.37233614528692643	1.057715248700794e-07	11.57715248700794	-4.966660449958736e-09	0.3791674437551581	1.0	1.6373572319009263e-09	2.637357231900926	154.8
3.9666453913789745e-07	4.0378994034581797e-07	6.311441072514667e-10	4.007924487490028e-10	2.510056970847101e-09	1.3826242166630774e-13	1.3826248160607018e-13	5.993976243247879e-20	1.3826248160607018e-13	0.07531676121372984	0.08105277314218226	0.005627955282894025	0.0001080566455584132	0.07542481785928824	64.83787799710579	-15.162122002894208	-0.1895265250361776	0.8104734749638224	0.6	1.0	75.64419099662342	-17.689142336709907	7.136126960912302	0.2502545741366715	0.2502545740498574	97.2568169956587	-22.743183004341304	-0.18952652503617753	0.8104734749638225	0.0017622370051794604	0.005708198712299467	0.0013541820630493303	0.0025917796440706764	0.004354016649250137	1e-09	9.813543836671444e-08	1.1718227617571493e-07	3.1967447669532653e-09	1e-08	2.5025457413667152e-09	0.05369885772963856	0.9463011422703614	-1.5186456163328555e-07	0.39254175346685777	1.0718227617571493e-07	11.718227617571491	-4.803255233046735e-09	0.39959309586915814	1.0	1.5025457413667152e-09	2.502545741366715	158.4
4.177014543133737e-07	4.2503000391166055e-07	6.585175903336926e-10	4.2187483896617324e-10	2.3846216624166883e-09	1.5705420494806545e-13	1.5705427679525458e-13	7.18471891221092e-20	1.5705427679525458e-13	0.07599830596469032	0.08190107489911053	0.005791648908152072	0.00011112002626813156	0.07610942599095845	65.35750066850083	-14.642499331499167	-0.18303124164373957	0.8169687583562604	0.6	1.0	76.25041744658431	-17.08291588674902	6.720551279733451	0.23774857922996584	0.23774857915174993	98.03625100275124	-21.963748997248757	-0.18303124164373966	0.8169687583562604	0.0017045853517364245	0.00561778548517399	0.0013442541116810056	0.00256894602175656	0.0042735313734929845	1e-09	1.0334000466627733e-07	1.1847951113396748e-07	3.3648991840635855e-09	1e-08	2.3774857922996584e-09	0.05541439195645537	0.9445856080435446	-1.4665999533372267e-07	0.41336001866510935	1.0847951113396749e-07	11.847951113396748	-4.635100815936415e-09	0.42061239800794814	1.0	1.3774857922996583e-09	2.3774857922996584	162.0
4.3930196524322774e-07	4.468147277552506e-07	6.858286125479444e-10	4.4349784623355494e-10	2.2683579819251958e-09	1.7787641385146988e-13	1.778764996039526e-13	8.575248271162552e-20	1.778764996039526e-13	0.07665770241516129	0.08272597128379171	0.005954112999167481	0.00011415586946293789	0.07677185828462423	65.89104444615285	-14.108955553847153	-0.17636194442308942	0.8236380555769106	0.6	1.0	76.87288518717833	-16.460448146155002	6.329176842172449	0.22615700254987905	0.22615700255568078	98.83656666922927	-21.16343333077073	-0.17636194442308942	0.8236380555769106	0.0016501349792572117	0.005529272432996463	0.0013338566705024648	0.0025452807832367867	0.004195415762493999	1e-09	1.086840054525672e-07	1.1967008243294087e-07	3.5373655954032945e-09	1e-08	2.2615700254987904e-09	0.05713844999683504	0.942861550003165	-1.4131599454743279e-07	0.4347360218102688	1.0967008243294087e-07	11.967008243294087	-4.4626344045967064e-09	0.44217069942541176	1.0	1.2615700254987903e-09	2.26157002549879	165.6
4.614113333722152e-07	4.690896233494934e-07	7.13030884167687e-10	4.6560738651382804e-10	2.1606441581396266e-09	2.008935898608175e-13	2.0089369179217721e-13	1.019313597051297e-19	2.0089369179217721e-13	0.07729617995487398	0.08352863651810566	0.006115293321722771	0.00011716324150891834	0.07741334319638289	66.43715725947224	-13.562842740527756	-0.16953553425659695	0.830464465743403	0.6	1.0	77.51001680271762	-15.823316530615713	5.960594277430385	0.21541785303527938	0.21541785300071092	99.65573588920836	-20.34426411079164	-0.169535534256597	0.8304644657434029	0.0015987046261042384	0.005442628449092834	0.0013230396363461032	0.002520884186642492	0.004119588812746731	1e-09	1.1415389831988742e-07	1.2076043151010254e-07	3.7137126234256912e-09	1e-08	2.1541785303527937e-09	0.0588683862181133	0.9411316137818867	-1.3584610168011256e-07	0.4566155932795497	1.1076043151010255e-07	12.076043151010253	-4.28628737657431e-09	0.4642140779282114	1.0	1.1541785303527937e-09	2.1541785303527936	169.20000000000002
4.839755231863771e-07	4.918008892926615e-07	7.400783536415405e-10	4.881500577942382e-10	2.0608660463828493e-09	2.2627924530592765e-13	2.2627936599554226e-13	1.2068961461373603e-19	2.2627936599554226e-13	0.07791489834604952	0.08431018118038396	0.006275141510330835	0.00012014132400359952	0.07803503967005312	66.99450440335234	-13.005495596647663	-0.16256869495809578	0.8374313050419042	0.6	1.0	78.16025513724439	-15.173078196088937	5.6134762902380055	0.20546989999841003	0.2054698999674376	100.4917566050285	-19.5082433949715	-0.16256869495809584	0.8374313050419041	0.0015501230050939372	0.0053578219775978955	0.001311849534038997	0.0024958494384649606	0.004045972443558898	1e-09	1.1973631479607445e-07	1.217565871557539e-07	3.893514330453182e-09	1e-08	2.0546989999841004e-09	0.06060154284941155	0.9393984571505885	-1.3026368520392554e-07	0.4789452591842978	1.1175658715575391e-07	12.175658715575391	-4.106485669546819e-09	0.4866892913066477	1.0	1.0546989999841003e-09	2.0546989999841	172.8
5.069411650698372e-07	5.148953806256195e-07	7.669253939183381e-10	5.110731096315912e-10	1.9684304662202878e-09	2.5421611162565654e-13	2.5421625399120346e-13	1.4236554690008495e-19	2.5421625399120346e-13	0.07851495156042222	0.08507165563618536	0.006433614670128273	0.00012308940563487056	0.07863804096605709	67.56176762071306	-12.438232379286944	-0.1554779047410868	0.8445220952589132	0.6	1.0	78.82206222416524	-14.511271109168092	5.286572880913664	0.19625400290231693	0.1962540029084737	101.34265143106958	-18.657348568930416	-0.1554779047410868	0.8445220952589132	0.001504228331488228	0.005274821170885917	0.0013003297171362564	0.0024702631222614335	0.003974491453749661	1e-09	1.2541805115321033e-07	1.2266417590128887e-07	4.07634997576632e-09	1e-08	1.9625400290231692e-09	0.06233526614458362	0.9376647338554164	-1.2458194884678966e-07	0.5016722046128413	1.1266417590128887e-07	12.266417590128887	-3.923650024233681e-09	0.50954374697079	1.0	9.625400290231692e-10	1.9625400290231692	176.4
5.302555380324319e-07	5.383205986726838e-07	7.935270245426982e-10	5.343244330685284e-10	1.8827734935573826e-09	2.848963869045571e-13	2.848965542370717e-13	1.673325145803322e-19	2.848965542370717e-13	0.07909737143335048	0.08581405331045067	0.0065906750025632645	0.00012600687453692428	0.07922337830788741	68.1376446758645	-11.862355324135507	-0.14827944155169384	0.8517205584483062	0.6	1.0	79.49391878850858	-13.839414544824749	4.97870684403262	0.18771393808922326	0.1877139380807938	102.20646701379674	-17.79353298620326	-0.14827944155169384	0.8517205584483062	0.0014608678561321125	0.005193594018563231	0.0012885205580660576	0.002444205604365061	0.0039050734604971736	1e-09	1.3118606413441083e-07	1.234884399778058e-07	4.261803935175409e-09	1e-08	1.8771393808922327e-09	0.06406692251822244	0.9359330774817776	-1.1881393586558916e-07	0.5247442565376433	1.1348843997780582e-07	12.34884399778058	-3.738196064824592e-09	0.5327254918969261	1.0	8.771393808922326e-10	1.8771393808922325	180.0
5.538665735344805e-07	5.620247021634474e-07	8.198391558368959e-10	5.5785257167279e-10	1.803365137383598e-09	3.1852198261182345e-13	3.185221786134407e-13	1.9600161724181835e-19	3.185221786134407e-13	0.0796631311373044	0.08653831380202491	0.0067462894536043415	0.00012889321111617447	0.07979202434842057	68.72084944898066	-11.279150551019342	-0.14098938188774177	0.8590106181122582	0.6	1.0	80.1743243571441	-13.159008976189227	4.688769529378882	0.1797968650554359	0.17979686504503975	103.08127417347097	-16.918725826529027	-0.14098938188774188	0.8590106181122581	0.0014198974081197453	0.005114108453536255	0.0012764596280297389	0.0024177514173867706	0.003837648825506516	1e-09	1.3702747190007975e-07	1.2423425969315198e-07	4.449465789070334e-09	1e-08	1.797968650554359e-09	0.06579391442196703	0.934206085578033	-1.1297252809992024e-07	0.548109887600319	1.1423425969315198e-07	12.423425969315199	-3.5505342109296667e-09	0.5561832236337917	1.0	7.979686505543589e-10	1.7979686505543588	183.6
5.777228803051973e-07	5.859565391466229e-07	8.458188437524229e-10	5.816067532141484e-10	1.7297114828080232e-09	3.5530476947842264e-13	3.553049983029335e-13	2.288245109097436e-19	3.553049983029335e-13	0.0802131484790012	0.08724532584353079	0.006900429383209139	0.00013174798132043855	0.08034489646032164	69.31011254912713	-10.689887450872874	-0.13362359313591093	0.8663764068640891	0.6	1.0	80.86179797398164	-12.47153535935169	4.4157168494644505	0.1724535401136122	0.17245354011071867	103.96516882369068	-16.034831176309325	-0.13362359313591105	0.866376406864089	0.0013811809500567846	0.005036332439521554	0.0012641818670564827	0.0023909696224082865	0.003772150572465071	1e-09	1.429295601680235e-07	1.24906178027008e-07	4.638930575077693e-09	1e-08	1.724535401136122e-09	0.06751369574133825	0.9324863042586617	-1.0707043983197648e-07	0.5717182406720941	1.14906178027008e-07	12.490617802700799	-3.3610694249223076e-09	0.5798663218847115	1.0	7.245354011361219e-10	1.7245354011361218	187.20000000000002
6.017737891742671e-07	6.100656984305656e-07	8.714245457107851e-10	6.055369407230687e-10	1.661355091515791e-09	3.9546682244973297e-13	3.9546708874609056e-13	2.6629635758546783e-19	3.9546708874609056e-13	0.0807482890249356	0.08793593011017847	0.007053070254915584	0.00013457083032730033	0.08088285985526289	69.90418242162409	-10.095817578375915	-0.12619771972969893	0.873802280270301	0.6	1.0	81.55487949189477	-11.778453841438562	4.158565519661253	0.16563835631856705	0.16563835630624463	104.85627363243613	-15.143726367563872	-0.12619771972969893	0.873802280270301	0.0013445901481113887	0.0049602340434420356	0.0012517197445995358	0.0023639241507311106	0.0037085142988424994	1e-09	1.488797933048544e-07	1.2550842591795385e-07	4.829799195307758e-09	1e-08	1.6563835631856706e-09	0.06922378650493832	0.9307762134950617	-1.011202066951456e-07	0.5955191732194176	1.1550842591795385e-07	12.550842591795384	-3.1702008046922423e-09	0.6037248994134697	1.0	6.563835631856705e-10	1.6563835631856705	190.8
6.259694161689661e-07	6.343025785836481e-07	8.966163693199946e-10	6.29593900978866e-10	1.5978742456986913e-09	4.39240664655692e-13	4.3924097361460406e-13	3.0895891208619013e-19	4.3924097361460406e-13	0.08126936906109151	0.08861092188215607	0.00720419134443655	0.0001373614766279973	0.08140673053771952	70.50182690657785	-9.498173093422153	-0.11872716366777691	0.8812728363322231	0.6	1.0	82.25213139100748	-11.081201942325848	3.9163895174663343	0.15930926808658458	0.15930926806650855	105.75274035986676	-14.247259640133237	-0.11872716366777697	0.881272836332223	0.001310003958303818	0.004885781495490219	0.0012391034110878112	0.00233667412609859	0.003646678084402408	1e-09	1.5486582993631853e-07	1.260449472104266e-07	5.02167896262015e-09	1e-08	1.5930926808658458e-09	0.07092178671632687	0.9290782132836731	-9.513417006368146e-08	0.6194633197452741	1.160449472104266e-07	12.60449472104266	-2.97832103737985e-09	0.6277098703275188	1.0	5.930926808658457e-10	1.5930926808658457	194.4
6.502607415551666e-07	6.586184720238086e-07	9.213563073481324e-10	6.537292879750236e-10	1.5388814577751611e-09	4.86869510346939e-13	4.868698677506874e-13	3.5740374840061097e-19	4.868698677506874e-13	0.08177715839352884	0.08927105356615832	0.007353775466146109	0.00014011970648336805	0.0819172781000122	71.10183519123443	-8.898164808765571	-0.11122706010956965	0.8887729398904304	0.6	1.0	82.95214105644017	-10.38119227689316	3.6883167477062146	0.1534276426133764	0.15342764258699249	106.65275278685165	-13.34724721314835	-0.11122706010956958	0.8887729398904304	0.001277308229881008	0.004812943239111595	0.0012263608408721468	0.00230927416835844	0.003586582398239448	1e-09	1.6087554250216642e-07	1.265194225974011e-07	5.214184266348258e-09	1e-08	1.534276426133764e-09	0.07260538914273351	0.9273946108572665	-8.912445749783357e-08	0.6435021700086657	1.1651942259740111e-07	12.65194225974011	-2.7858157336517423e-09	0.6517730332935322	1.0	5.34276426133764e-10	1.534276426133764	198.0
6.74599702208167e-07	6.829656614831759e-07	9.456084536102305e-10	6.778957386677241e-10	1.4840215424885948e-09	5.38607506745666e-13	5.386079190212942e-13	4.122756281943812e-19	5.386079190212942e-13	0.08227238299625791	0.08991703708145399	0.007501808716465151	0.00014284536873092134	0.08241522836498884	71.70302009158684	-8.296979908413164	-0.10371224885516454	0.8962877511448355	0.6	1.0	83.65352344018464	-9.679809893148686	3.4735259020208296	0.14795806766082853	0.14795806762438418	107.55453013738025	-12.445469862619746	-0.10371224885516454	0.8962877511448355	0.0012463953262473204	0.004741687972673882	0.0012135179669712584	0.002281774679455303	0.0035281700057026234	1e-09	1.6689704010884323e-07	1.269352921555118e-07	5.406937335995299e-09	1e-08	1.4795806766082854e-09	0.07427239091710203	0.925727609082898	-8.310295989115676e-08	0.667588160435373	1.169352921555118e-07	12.69352921555118	-2.593062664004702e-09	0.6758671669994123	1.0	4.795806766082853e-10	1.4795806766082853	201.6
6.989392944462874e-07	7.072975259266135e-07	9.693391955849878e-10	7.020469781081179e-10	1.4329694610106639e-09	5.94719974763788e-13	5.94720449039802e-13	4.742760139347869e-19	5.94720449039802e-13	0.08275572751315029	0.09054954611625425	0.007648280233181272	0.00014553836992268446	0.08290126588307298	72.30422059241796	-7.695779407582037	-0.09619724259477547	0.9038027574052245	0.6	1.0	84.35492402448762	-8.978409308845713	3.2712435013951042	0.14286813661247524	0.1428681365659755	108.45633088862694	-11.543669111373063	-0.09619724259477552	0.9038027574052244	0.0012171637635876179	0.004671984684263153	0.0012005988080265523	0.0022542221126489828	0.0034713858762366006	1e-09	1.7291869397068405e-07	1.2729577625066742e-07	5.599569079775641e-09	1e-08	1.4286813661247525e-09	0.07592070383687566	0.9240792961631243	-7.708130602931594e-08	0.6916747758827362	1.1729577625066742e-07	12.729577625066742	-2.4004309202243592e-09	0.6999461349719551	1.0	4.286813661247524e-10	1.4286813661247524	205.20000000000002
7.232336843413443e-07	7.315686529246428e-07	9.925173807319966e-10	7.261379309810575e-10	1.38542808052231e-09	6.554836485474542e-13	6.554841927141828e-13	5.441667286455228e-19	6.554841927141828e-13	0.08322783762103737	0.09116921826055899	0.007793181969747892	0.0001481986697737279	0.0833760362908111	72.90430457202626	-7.095695427973737	-0.08869619284967172	0.9113038071503283	0.6	1.0	85.0550220006973	-8.278311332636022	3.0807411107123057	0.1381282251020336	0.13812822504475045	109.3564568580394	-10.643543141960606	-0.08869619284967172	0.9113038071503283	0.0011895178670235432	0.004603802680780915	0.0011876255878848004	0.0022266592258725717	0.0034161770928961147	1e-09	1.789291647009009e-07	1.2760389472651426e-07	5.7917199742544864e-09	1e-08	1.3812822510203359e-09	0.07754836327380199	0.922451636726198	-7.107083529909908e-08	0.7157166588036037	1.1760389472651427e-07	12.760389472651426	-2.208280025745514e-09	0.7239649967818108	1.0	3.812822510203358e-10	1.3812822510203357	208.8
7.474383225631428e-07	7.557349545523249e-07	1.0151144543726676e-09	7.501248366436172e-10	1.3411259444510984e-09	7.211869138061685e-13	7.211875365799332e-13	6.227737647272718e-19	7.211875365799332e-13	0.08368932226057886	0.09177665702119389	0.007936508483711583	0.00015082627690345327	0.08384014853748231	73.5021716389441	-6.497828361055895	-0.08122285451319869	0.9187771454868013	0.6	1.0	85.75253357876812	-7.580799754565206	2.9013327155639668	0.13371126870438482	0.133711268637454	110.25325745841616	-9.746742541583842	-0.08122285451319869	0.9187771454868013	0.0011633674440242082	0.004537111612270104	0.0011746188481882207	0.0021991253200576754	0.0033624927640818836	1e-09	1.849174307242929e-07	1.2786248436914696e-07	5.983040981902039e-09	1e-08	1.3371126870438483e-09	0.07915353563447047	0.9208464643655295	-6.508256927570708e-08	0.7396697228971717	1.1786248436914696e-07	12.786248436914695	-2.0169590180979617e-09	0.7478801227377548	1.0	3.3711268704384827e-10	1.3371126870438483	212.4
7.71510060873428e-07	7.797537839703762e-07	1.037104567882882e-09	7.739653648407804e-10	1.2998151154906953e-09	7.921300448879083e-13	7.921307558791525e-13	7.1099124415867205e-19	7.921307558791525e-13	0.08414075574147992	0.0923724337247809	0.008078256738448572	0.00015342124485241717	0.08429417698633233	74.09675600939848	-5.903243990601524	-0.07379054988251905	0.9262094501174809	0.6	1.0	86.44621534429822	-6.887117989035104	2.73237225196707	0.12959254788298868	0.12959254780698704	111.14513401409772	-8.85486598590228	-0.073790549882519	0.926209450117481	0.001138627474649614	0.004471881492231519	0.0011615975543445446	0.0021716564632373605	0.0033102839378869745	1e-09	1.9087281709803537e-07	1.280742146993827e-07	6.173194474048821e-09	1e-08	1.2959254788298869e-09	0.08073452433976425	0.9192654756602358	-5.912718290196462e-08	0.7634912683921415	1.1807421469938271e-07	12.807421469938271	-1.8268055259511792e-09	0.7716493092561026	1.0	2.959254788298868e-10	1.2959254788298868	216.0
7.954072675395746e-07	8.035840500233141e-07	1.0584646568103727e-09	7.976187294528792e-10	1.2612691290142275e-09	8.686254405680584e-13	8.686262503535903e-13	8.097855318859336e-19	8.686262503535903e-13	0.08458267972881085	0.09295708931456836	0.008218425917399857	0.000155983668357666	0.08473866339716851	74.6870293580888	-5.312970641911207	-0.06641213302389008	0.93358786697611	0.6	1.0	87.13486758443692	-6.19846574889641	2.573251279770196	0.1257494839436507	0.1257494838578843	112.03054403713318	-7.969455962866817	-0.06641213302389014	0.9335878669761098	0.0011152178180637079	0.00440808271455987	0.0011485791952530184	0.002144285701243144	0.003259503519306852	1e-09	1.9678502406521021e-07	1.2824160218488122e-07	6.361855138142116e-09	1e-08	1.2574948394365072e-09	0.08228977432155915	0.9177102256784408	-5.3214975934789775e-08	0.7871400962608409	1.1824160218488123e-07	12.824160218488123	-1.638144861857885e-09	0.7952318922677644	1.0	2.5749483943650715e-10	1.257494839436507	219.6
8.190899391571726e-07	8.271863274212102e-07	1.0791744891383258e-09	8.210457978594237e-10	1.2252810779663409e-09	9.509978585184488e-13	9.509987787179535e-13	9.201995046393873e-19	9.509987787179535e-13	0.08501560511654299	0.09353113604649749	0.008357017250083067	0.00015851367987141743	0.08517411879641441	75.27200358026246	-4.727996419737536	-0.0590999552467192	0.9409000447532808	0.6	1.0	87.8173375103062	-5.515995823027126	2.4233967915726273	0.12216144809681563	0.1221614480039687	112.9080053703937	-7.091994629606305	-0.0590999552467192	0.9409000447532808	0.0010930629347479166	0.00434568606760113	0.0011355798771241008	0.0021170432557291122	0.003210106190477029	1e-09	2.026441547198916e-07	1.2836702297944357e-07	6.548710850038468e-09	1e-08	1.2216144809681564e-09	0.08381787505713534	0.9161821249428647	-4.735584528010838e-08	0.8105766188795664	1.1836702297944358e-07	12.836702297944358	-1.4512891499615324e-09	0.8185888562548085	1.0	2.216144809681563e-10	1.2216144809681564	223.20000000000002
8.42519806598416e-07	8.505229603122708e-07	1.0992166845283278e-09	8.442091937428239e-10	1.19166183901818e-09	1.0395846484251488e-12	1.0395856917821262e-12	1.0433569773405604e-18	1.0395856917821262e-12	0.08544001379425717	0.09409505908975777	0.008494033849191972	0.00016101144630862127	0.08560102524056579	75.85073340869486	-4.149266591305135	-0.05186583239131419	0.9481341676086859	0.6	1.0	88.49252231014401	-4.8408110231893176	2.2822691493725835	0.11880958460388001	0.11880958450523106	113.7761001130423	-6.223899886957696	-0.051865832391314134	0.9481341676086859	0.0010720916237984513	0.00428466274574721	0.001122614411718836	0.002089956710229923	0.003162048334028374	1e-09	2.0844074121894615e-07	1.2845272430830824e-07	6.733463493972382e-09	1e-08	1.1880958460388002e-09	0.08531756218504949	0.9146824378149505	-4.1559258781053837e-08	0.8337629648757846	1.1845272430830824e-07	12.845272430830823	-1.2665365060276182e-09	0.8416829367465477	1.0	1.880958460388001e-10	1.1880958460388	226.8
8.656604331039843e-07	8.735581573648469e-07	1.1185767059631645e-09	8.670733914645673e-10	1.160238441531639e-09	1.1347359837301676e-12	1.1347371641974563e-12	1.1804672887098982e-18	1.1347371641974563e-12	0.08585636031305571	0.09464931803716546	0.008629480558100675	0.00016347716600908293	0.08601983747906479	76.42231883660949	-3.5776811633905083	-0.04472101454238135	0.9552789854576187	0.6	1.0	89.15937197604441	-4.173961357288917	2.149360141238199	0.11567664816169729	0.11567664805705175	114.63347825491424	-5.3665217450857625	-0.04472101454238135	0.9552789854576187	0.0010522367746224207	0.004224984358917784	0.0011096963993348277	0.0020630511849605354	0.003115287959582956	1e-09	2.1416576905012036e-07	1.285008346254582e-07	6.9158297153064114e-09	1e-08	1.1567664816169728e-09	0.0867877177698736	0.9132122822301264	-3.5834230949879624e-08	0.8566630762004815	1.1850083462545821e-07	12.85008346254582	-1.084170284693589e-09	0.8644787144133014	1.0	1.5676648161697277e-10	1.1567664816169727	230.4
8.88477302820416e-07	8.962580767640008e-07	1.1372428255519226e-09	8.896048004308238e-10	1.130852576302287e-09	1.2368150919700856e-12	1.2368164248001338e-12	1.3328300481181066e-18	1.2368164248001338e-12	0.0862650734560978	0.0951943483301633	0.00876336380816412	0.00016591106590139077	0.08643098452199918	76.98590730459676	-3.014092695403235	-0.03767615869254044	0.9623238413074595	0.6	1.0	89.8168918553629	-3.5164414779704316	2.0241911511561583	0.11274685522312215	0.11274685511533544	115.47886095689515	-4.521139043104853	-0.03767615869254044	0.9623238413074595	0.0010334351323892366	0.004166622940211765	0.001096838306831438	0.002036349500991091	0.0030697846333803272	1e-09	2.1981069893632785e-07	1.2851337266248806e-07	7.09554159343631e-09	1e-08	1.1274685522312215e-09	0.0882273692974418	0.9117726307025582	-3.018930106367214e-08	0.8792427957453114	1.1851337266248806e-07	12.851337266248805	-9.044584065636905e-10	0.8869426991795387	1.0	1.274685522312214e-10	1.1274685522312213	234.0
9.109378983755694e-07	9.185908998198013e-07	1.155206066596832e-09	9.117718381543159e-10	1.1033592370187196e-09	1.346198483686279e-12	1.3461999855263247e-12	1.5018400456989885e-18	1.3461999855263247e-12	0.08666655771895553	0.09573056260305016	0.008895691485238064	0.0001683133988565606	0.08683487111781209	77.54069561676802	-2.4593043832319808	-0.03074130479039976	0.9692586952096003	0.6	1.0	90.46414488622935	-2.86918844710398	1.906311435576911	0.11000574854948272	0.11000574852927773	116.31104342515202	-3.6889565748479782	-0.03074130479039982	0.9692586952096002	0.0010156270765917222	0.004109550951965991	0.0010840515409733797	0.0020098723344008896	0.0030254994109926115	1e-09	2.253674860279418e-07	1.2849225548436418e-07	7.272347224536927e-09	1e-08	1.1000574854948272e-09	0.08963568749649153	0.9103643125035085	-2.46325139720582e-08	0.9014699441117672	1.1849225548436418e-07	12.849225548436417	-7.276527754630736e-10	0.9090434030671158	1.0	1.0005748549482712e-10	1.100057485494827	237.6
9.330117664305562e-07	9.405268922378702e-07	1.1724601243426641e-09	9.335449910700321e-10	1.0776254913870778e-09	1.463276179887978e-12	1.4632778688803052e-12	1.688992327141574e-18	1.4632778688803052e-12	0.08706119470502438	0.09625835195108942	0.009026472804845627	0.00017068444121940752	0.0872318791462438	78.08593155992213	-1.9140684400778696	-0.02392585550097337	0.9760741444990266	0.6	1.0	91.10025348657582	-2.233079846757505	1.79529650021433	0.10744007469076765	0.10744007466540703	117.1288973398832	-2.8711026601168044	-0.02392585550097337	0.9760741444990266	0.0009987564120377225	0.0040537412904252225	0.0010713465173721743	0.001983638361015326	0.0029823947730530484	1e-09	2.308285961204476e-07	1.2843930566399172e-07	7.4460112066320045e-09	1e-08	1.0744007469076764e-09	0.09101198309691128	0.9089880169030887	-1.917140387955238e-08	0.9233143844817905	1.1843930566399172e-07	12.843930566399171	-5.53988793367996e-10	0.9307514008290005	1.0	7.440074690767638e-11	1.0744007469076764	241.20000000000002
9.54670570441786e-07	9.620384523766542e-07	1.1890012679349126e-09	9.548968624342637e-10	1.0535293594512823e-09	1.5884519380468735e-12	1.5884538339343085e-12	1.895887435012969e-18	1.5884538339343085e-12	0.08744934444067556	0.09677808712666217	0.009155718195479659	0.00017302449050695458	0.08762236893118251	78.62091520679526	-1.3790847932047399	-0.017238559915059248	0.9827614400849407	0.6	1.0	91.72440107459447	-1.6089322587388608	1.690746571369329	0.10503767215330713	0.10503767211926071	117.93137281019288	-2.068627189807117	-0.017238559915059307	0.9827614400849407	0.0009827701716503376	0.003999167289191048	0.0010587327252752387	0.001957664392265472	0.0029404345639158095	1e-09	2.361870187078569e-07	1.2835625767659506e-07	7.616315021639787e-09	1e-08	1.0503767215330712e-09	0.09235570263963033	0.9076442973603697	-1.3812981292143096e-08	0.9447480748314276	1.1835625767659507e-07	12.835625767659506	-3.836849783602132e-10	0.9520393777049734	1.0	5.037672153307117e-11	1.0503767215330713	244.8
9.758881300732749e-07	9.831001460324554e-07	1.2048282261736023e-09	9.758022068514141e-10	1.0309588077841831e-09	1.7221434766028706e-12	1.722145600839689e-12	2.1242368184901194e-18	1.722145600839689e-12	0.08783134661459668	0.09729011966742006	0.009283439189559569	0.0001753338632638095	0.08800668047786049	79.1449998895652	-0.8550001104348013	-0.010687501380435015	0.9893124986195649	0.6	1.0	92.33583320449273	-0.9975001288405991	1.5922851563805827	0.10278737111987145	0.10278737108795426	118.7174998343478	-1.2825001656521948	-0.010687501380434956	0.989312498619565	0.000967618430473525	0.003945802721592872	0.0010462187884388396	0.001931965502680508	0.002899583933154033	1e-09	2.41436276733375e-07	1.2824476360318922e-07	7.783057310760941e-09	1e-08	1.0278737111987144e-09	0.09366642345772047	0.9063335765422795	-8.563723266624979e-09	0.9657451069335001	1.1824476360318922e-07	12.824476360318922	-2.1694268923905967e-10	0.9728821638451175	1.0	2.787371119871438e-11	1.0278737111987144	248.4
9.966404471224032e-07	1.0036887277156843e-06	1.2199420598022618e-09	9.962379513923086e-10	1.0098108372588947e-09	1.8647826979673127e-12	1.8647850738357253e-12	2.375868412732883e-18	1.8647850738357253e-12	0.0882075217457916	0.09779478296041945	0.009409648321563355	0.00017761289306449752	0.0883851346388561	79.65759284023106	-0.3424071597689391	-0.004280089497111739	0.9957199105028882	0.6	1.0	92.93385831360291	-0.3994750197304171	1.4995576878172978	0.10067890249978478	0.10067890246893817	119.4863892603466	-0.5136107396534015	-0.00428008949711168	0.9957199105028883	0.0009532541302622342	0.0038936218021071558	0.0010338125223214923	0.0019065551495234291	0.0028598092797856634	1e-09	2.465704330034752e-07	1.2810639823288433e-07	7.94605404291946e-09	1e-08	1.0067890249978478e-09	0.0949438479534872	0.9050561520465128	-3.429566996524772e-09	0.9862817320139009	1.1810639823288434e-07	12.810639823288433	-5.3945957080540474e-11	0.9932567553649324	1.0	6.789024997847711e-12	1.0067890249978477	252.0
1.0169057179505593e-06	1.023783148475315e-06	1.2343460229240622e-09	1.0161832033605665e-09	9.899906596232243e-10	2.0168159100071777e-12	2.016818562739567e-12	2.6527323895632593e-18	2.016818562739567e-12	0.08857817228423882	0.09829239324579969	0.009534359032907056	0.00017986192865381524	0.08875803421289263	80.15815549765652	0.15815549765652293	0.0019769437207065367	1.0019769437207064	0.6	1.0	93.51784808059928	0.18451474726595052	1.412230246616953	0.0987028158327742	0.09870281580366969	120.23723324648479	0.2372332464847915	0.0019769437207065956	1.0019769437207067	0.0009396329140950938	0.003842599186930328	0.0010215209878091766	0.0018814452850260577	0.0028210781991211513	1e-09	2.5158409326325943e-07	1.279426636363932e-07	8.105138576707725e-09	1e-08	9.87028158327742e-10	0.0961877972928945	0.9038122027071055	1.584093263259444e-09	1.0063363730530377	1.1794266363639321e-07	12.79426636363932	1.05138576707725e-10	1.0131423220884657	1.0	-1.2971841672258038e-11	0.9870281583277419	255.6
1.0366643326638303e-06	1.0433645505993465e-06	1.248045416084452e-09	1.0356192450324028e-09	9.714109549476031e-10	2.1787040459938968e-12	2.178707002900978e-12	2.956907081195816e-18	2.178707002900978e-12	0.08894358364796973	0.09878325056335736	0.009657585583170805	0.00018208133221683372	0.08912566498018656	80.6462034873325	0.6462034873324995	0.008077543591656244	1.0080775435916562	0.6	1.0	94.08723740188792	0.7539040685545899	1.3299883596735869	0.09685040525596825	0.09685040522875064	120.96930523099874	0.9693052309987422	0.008077543591656185	1.0080775435916562	0.0009267129704746195	0.0037927099737970846	0.0010093505416708859	0.001856646461651579	0.0027833594321261985	1e-09	2.564724059937598e-07	1.2775499327896212e-07	8.260161618430846e-09	1e-08	9.685040525596825e-10	0.09739820463529636	0.9026017953647036	6.472405993759826e-09	1.0258896239750392	1.1775499327896212e-07	12.775499327896211	2.6016161843084524e-10	1.0325202023038555	1.0	-3.149594744031761e-11	0.9685040525596824	259.2
1.0558988615230464e-06	1.0624162497310821e-06	1.2610474334792714e-09	1.0545295159056642e-09	9.53991201383237e-10	2.350922883007365e-12	2.350926173612443e-12	3.290605078074041e-18	2.350926173612443e-12	0.08930402520035285	0.09926763964539423	0.009779342967271168	0.00018427147777020796	0.08948829667812307	81.12130628569821	1.1213062856982106	0.014016328571227633	1.0140163285712276	0.6	1.0	94.64152399998125	1.308190666647917	1.2525358673753857	0.0951136426802786	0.0951136426541271	121.68195942854732	1.6819594285473158	0.014016328571227633	1.0140163285712276	0.0009144548863695516	0.0037439297011268207	0.0009973068839436532	0.0018321679308136159	0.0027466228171831673	1e-09	2.6123105904976233e-07	1.275447557335348e-07	8.410991080523894e-09	1e-08	9.51136426802786e-10	0.09857510801478009	0.9014248919852199	1.1231059049762344e-08	1.0449242361990494	1.175447557335348e-07	12.75447557335348	4.109910805238935e-10	1.0513738850654868	1.0	-4.8863573197214115e-11	0.9511364268027859	262.8
1.0745940291991306e-06	1.0809237050701161e-06	1.2733610065469639e-09	1.0728995831220283e-09	9.376570702296984e-10	2.533963258782667e-12	2.533966914962169e-12	3.656179502296712e-18	2.533966914962169e-12	0.0896597511709687	0.09974583075885823	0.0098996468382222	0.0001864327496673365	0.08984618392063604	81.58308658423502	1.5830865842350192	0.01978858230293774	1.0197885823029378	0.6	1.0	95.18026768160752	1.8469343482741891	1.1795938570761095	0.09348511747818254	0.09348511745359975	122.37462987635253	2.374629876352529	0.01978858230293774	1.0197885823029378	0.0009028215087082942	0.0036962343465686788	0.0009853951024250127	0.0018080177354353722	0.0027108392441436663	1e-09	2.6585627329053914e-07	1.2731325804678733e-07	8.557511845637579e-09	1e-08	9.348511747818254e-10	0.0997186429804513	0.9002813570195487	1.5856273290539147e-08	1.0634250931621565	1.1731325804678733e-07	12.731325804678733	5.575118456375783e-10	1.0696889807046972	1.0	-6.514882521817464e-11	0.9348511747818253	266.40000000000003
1.092736677617453e-06	1.098874478446641e-06	1.2849966460113446e-09	1.0907171008451152e-09	9.223398798524641e-10	2.7283312869865017e-12	2.72833534311696e-12	4.056130458253035e-18	2.72833534311696e-12	0.09001100152323799	0.10021808049960015	0.010018513435151748	0.00018856554121042117	0.09019956706444841	82.03121937170282	2.031219371702818	0.025390242146285224	1.0253902421462853	0.6	1.0	95.70308926698662	2.3697559336532947	1.1108996587571314	0.09195798203888952	0.09195798201602039	123.04682905755422	3.04682905755422	0.025390242146285165	1.0253902421462853	0.0008917778138616089	0.0036496003250074604	0.0009736197144390698	0.0017842027967067819	0.0026759806105683907	1e-09	2.703447933874825e-07	1.2706174880403143e-07	8.699625442635623e-09	1e-08	9.195798203888952e-10	0.10082903509470298	0.899170964905297	2.0344793387482532e-08	1.08137917354993	1.1706174880403143e-07	12.706174880403143	6.996254426356228e-10	1.087453180329453	1.0	-8.042017961110485e-11	0.9195798203888952	270.0
1.1103157182962439e-06	1.1162581832066219e-06	1.2959662842918082e-09	1.1079717595251096e-09	9.079761023598264e-10	2.934548570917417e-12	2.934553064029078e-12	4.49311166135185e-18	2.934553064029078e-12	0.090358002771992	0.10068463254159365	0.010135959516239162	0.000190670253362484	0.09054867302535449	82.46543075687414	2.4654307568741416	0.03081788446092677	1.0308178844609268	0.6	1.0	96.20966921635316	2.8763358830198342	1.0462058991177319	0.09052590258365674	0.09052590256187655	123.69814613531122	3.6981461353112195	0.030817884460926828	1.0308178844609268	0.0008812907846455093	0.0036040044860878094	0.0009619847060431949	0.0017607289953991052	0.0026420197800446146	1e-09	2.7469387603255286e-07	1.267914209343006e-07	8.837249641926315e-09	1e-08	9.052590258365674e-10	0.10190659238293454	0.8980934076170655	2.4693876032552875e-08	1.0987755041302114	1.1679142093430061e-07	12.67914209343006	8.37249641926314e-10	1.1046562052407893	1.0	-9.474097416343267e-11	0.9052590258365674	273.6
1.127322075131019e-06	1.1330664238853094e-06	1.3062831199474668e-09	1.1246552260201003e-09	8.945069177207827e-10	3.1531524156207197e-12	3.153157385557966e-12	4.969937246154658e-18	3.153157385557966e-12	0.09070096875383678	0.1011457183436657	0.010252002296275788	0.0001927472935531278	0.09089371604738991	82.88549655528003	2.885496555280028	0.03606870694100035	1.0360687069410004	0.6	1.0	96.69974598116004	3.3664126478267065	0.9852796107326892	0.0891830147110064	0.08918301469066255	124.32824483292003	4.328244832920035	0.03606870694100029	1.0360687069410004	0.0008713292944230992	0.0035594241113063698	0.0009504935688247608	0.0017376012480585096	0.002608930542481609	1e-09	2.7890127578305396e-07	1.2650341429050268e-07	8.970317977866699e-09	1e-08	8.91830147110064e-10	0.10295169781674607	0.8970483021832539	2.8901275783053975e-08	1.1156051031322158	1.1650341429050268e-07	12.650341429050268	9.703179778666984e-10	1.1212897472333372	1.0	-1.0816985288993611e-10	0.8918301471100639	277.2
1.1437486186322522e-06	1.1492927276927634e-06	1.3159614655965423e-09	1.1407610755902137e-09	8.818778105579028e-10	3.384696038407853e-12	3.3847015279966084e-12	5.48958875541204e-18	3.3847015279966084e-12	0.09104010135296098	0.10160155781610437	0.010366659388571125	0.00019479707457227725	0.09123489842753325	83.29124066484643	3.291240664846427	0.04114050831058034	1.0411405083105802	0.6	1.0	97.1731141089875	3.8397807756541766	0.9279013931592532	0.08792388319667016	0.08792388317789256	124.93686099726965	4.9368609972696476	0.041140508310580394	1.0411405083105805	0.0008618639979125625	0.0035158369107163648	0.000939149334426644	0.001714823578377158	0.0025766875762897206	1e-09	2.8296522879192885e-07	1.2619881803471877e-07	9.098779206343685e-09	1e-08	8.792388319667016e-10	0.10396480190236879	0.8960351980976312	3.296522879192886e-08	1.1318609151677155	1.1619881803471878e-07	12.619881803471877	1.098779206343684e-09	1.1373474007929605	1.0	-1.2076116803329842e-10	0.8792388319667016	280.8
1.1595900926949437e-06	1.1649324688980088e-06	1.3250166005825163e-09	1.1562847168430952e-09	8.700382051648912e-10	3.6297487777771814e-12	3.629754832999492e-12	6.055222310727618e-18	3.629754832999492e-12	0.09137559118506444	0.10205235994953703	0.010479948750926461	0.00019682001354612817	0.09157241119861056	83.68253325706483	3.682533257064833	0.04603166571331041	1.0460316657133104	0.6	1.0	97.62962213324231	4.296288799908979	0.8738646228489221	0.08674346560456492	0.08674346558685118	125.52379988559726	5.523799885597256	0.04603166571331047	1.0460316657133104	0.0008528672283026947	0.003473221019286282	0.0009279546069413047	0.0016923991840422832	0.0025452664123449776	1e-09	2.868844346904342e-07	1.258786728552621e-07	9.222596706134672e-09	1e-08	8.674346560456492e-10	0.10494641543935368	0.8950535845606463	3.6884434690434225e-08	1.147537738761737	1.158786728552621e-07	12.58786728552621	1.2225967061346718e-09	1.152824588266834	1.0	-1.325653439543509e-10	0.8674346560456491	284.40000000000003
1.1748430349640294e-06	1.1799827871770683e-06	1.3334646294174465e-09	1.1712233106880783e-09	8.589411348875414e-10	3.888896300730032e-12	3.888902970905998e-12	6.670175965992306e-18	3.888902970905998e-12	0.09170761824180444	0.10249832340822146	0.010591888635426892	0.00019881653099013428	0.09190643477279457	84.0592888099767	4.059288809976707	0.05074111012470883	1.0507411101247088	0.6	1.0	98.06917027830616	4.7358369449728315	0.8229747090509931	0.08563707932382417	0.08563707930740892	126.08893321496507	6.088933214965067	0.050741110124708895	1.0507411101247088	0.0008443129003182659	0.003431554992949209	0.0009169115932986262	0.0016703304993323166	0.0025146433996505826	1e-09	2.906580368864161e-07	1.2554397303764573e-07	9.341747832481109e-09	1e-08	8.563707932382416e-10	0.10589710250309681	0.8941028974969032	4.065803688641613e-08	1.1626321475456645	1.1554397303764573e-07	12.554397303764572	1.3417478324811083e-09	1.1677184790601385	1.0	-1.4362920676175845e-10	0.8563707932382416	288.0
1.1895056918518028e-06	1.1944425009771029e-06	1.341322346822623e-09	1.1855756843434554e-09	8.485429424372335e-10	4.162740808473895e-12	4.16274814645114e-12	7.33797724497578e-18	4.16274814645114e-12	0.09203635249797418	0.10293963708972993	0.010702497541821501	0.00020078704993425537	0.09223713954790844	84.42146400905986	4.421464009059861	0.05526830011324826	1.0552683001132483	0.6	1.0	98.49170801056984	5.158374677236509	0.7750483931106497	0.08460037168982781	0.08460037167481628	126.6321960135898	6.632196013589805	0.055268300113248375	1.0552683001132483	0.0008361764189039835	0.003390817804375838	0.000906022131763181	0.0016486192537086735	0.002484795672612657	1e-09	2.9428560153948466e-07	1.2519566840823263e-07	9.456223231205295e-09	1e-08	8.460037168982782e-10	0.10681747369483385	0.8931825263051661	4.4285601539484666e-08	1.1771424061579387	1.1519566840823263e-07	12.519566840823263	1.4562232312052943e-09	1.1820279039006618	1.0	-1.539962831017219e-10	0.8460037168982781	291.6
1.2035779292667094e-06	1.2083120169450187e-06	1.3486071100385705e-09	1.1993422414374327e-09	8.388030079382061e-10	4.451901240512233e-12	4.451909302863097e-12	8.062350863647154e-18	4.451909302863097e-12	0.0923619544836576	0.10337648065303341	0.010811794174260151	0.00020273199511567378	0.09256468647877326	84.76905554218366	4.769055542183665	0.05961319427729581	1.0596131942772957	0.6	1.0	98.89723146588094	5.563898132547607	0.7299130885334016	0.0836292928703098	0.08362929285628222	127.15358331327549	7.15358331327549	0.05961319427729575	1.0596131942772957	0.0008284345931906129	0.003350988838502423	0.0008952877186577891	0.0016272665266540212	0.002455701119844634	1e-09	2.977670954751759e-07	1.2483466616698746e-07	9.566026121670168e-09	1e-08	8.36292928703098e-10	0.10770817969669244	0.8922918203033076	4.776709547517591e-08	1.1910683819007037	1.1483466616698747e-07	12.483466616698745	1.5660261216701673e-09	1.195753265208771	1.0	-1.6370707129690207e-10	0.8362929287030979	295.2
1.2170611400558741e-06	1.221593236408524e-06	1.3553367188770213e-09	1.2125248691834148e-09	8.296835019397004e-10	4.757013477117144e-12	4.7570223243437824e-12	8.847226638207673e-18	4.7570223243437824e-12	0.09268457582337158	0.10380902501678549	0.010919797401179224	0.0002046517922346808	0.09288922761560627	85.10209781339154	5.102097813391538	0.06377622266739422	1.0637762226673941	0.6	1.0	99.28578078229013	5.9524474489568036	0.6874062594616223	0.08272007124048254	0.08272007122759385	127.65314672008732	7.653146720087321	0.06377622266739434	1.0637762226673944	0.0008210655554413204	0.0033120478878413554	0.0008847095334181249	0.0016062727989819103	0.0024273383544232306	1e-09	3.011028632860855e-07	1.2446183262278576e-07	9.671171556403776e-09	1e-08	8.272007124048254e-10	0.10856990515955833	0.8914300948404417	5.110286328608552e-08	1.2044114531443422	1.1446183262278576e-07	12.446183262278575	1.6711715564037757e-09	1.208896444550472	1.0	-1.7279928759517462e-10	0.8272007124048254	298.8
1.2299581491173227e-06	1.2342894598481302e-06	1.3615293038186114e-09	1.2251268435611476e-09	8.211491609435767e-10	5.078730540178536e-12	5.0787402369261155e-12	9.6967475801165e-18	5.0787402369261155e-12	0.0930043597440444	0.10423743282945937	0.01102652621814519	0.00020654686726977685	0.09321090661131418	85.42066059912395	5.4206605991239485	0.06775825748904936	1.0677582574890494	0.6	1.0	99.65743736564461	6.324104032311283	0.6473748353994595	0.08186919100297091	0.08186919099130399	128.13099089868592	8.130990898685923	0.06775825748904936	1.0677582574890494	0.0008140486847002703	0.003273975147599589	0.0008742884620747294	0.0015856380008245892	0.0023996866855248594	1e-09	3.042936038564816e-07	1.240779948424827e-07	9.771685664818341e-09	1e-08	8.186919100297091e-10	0.1094033629431801	0.8905966370568199	5.4293603856481585e-08	1.2171744154259263	1.140779948424827e-07	12.407799484248269	1.771685664818341e-09	1.2214607081022926	1.0	-1.8130808997029092e-10	0.8186919100297091	302.40000000000003
1.2422731170934395e-06	1.2464052902498793e-06	1.3672032223538564e-09	1.2371527333868968e-09	8.131670831589843e-10	5.417722792431411e-12	5.417733407709589e-12	1.0615278178538378e-17	5.417733407709589e-12	0.0933214415537094	0.10466185891302085	0.011131999713463429	0.0002084176458480117	0.09352985919955742	85.72484666939692	5.724846669396925	0.07156058336746156	1.0715605833674615	0.6	1.0	100.01232111429641	6.678987780963084	0.6096746599896129	0.08107337182439872	0.08107337181359481	128.5872700040954	8.587270004095387	0.07156058336746156	1.0715605833674615	0.0008073645348606466	0.003236751210628841	0.000864025119260014	0.0015653615565081808	0.0023727260913688273	1e-09	3.073403465359126e-07	1.2368394222345977e-07	9.867604888068217e-09	1e-08	8.107337182439871e-10	0.11020928872358682	0.8897907112764132	5.7340346535912604e-08	1.2293613861436505	1.1368394222345977e-07	12.368394222345977	1.867604888068216e-09	1.233450611008527	1.0	-1.8926628175601292e-10	0.8107337182439871	306.0
1.2540114434804795e-06	1.257946536150748e-06	1.372376963619103e-09	1.2486083040785838e-09	8.05706542502891e-10	5.774678135059401e-12	5.774689742472272e-12	1.1607412871043067e-17	5.774689742472272e-12	0.09363594909259969	0.10508245068164597	0.011236237036379286	0.00021026455266699273	0.09384621364526669	86.01478939455708	6.014789394557084	0.07518486743196355	1.0751848674319635	0.6	1.0	100.35058762698326	7.017254293649927	0.5741699718718043	0.08032955029110106	0.08032955028126132	129.0221840918356	9.022184091835612	0.07518486743196344	1.0751848674319635	0.0008009947668981292	0.0032003570622289763	0.0008539198688278642	0.001545442426502983	0.0023464371934011122	1e-09	3.102444271683466e-07	1.232804279974857e-07	9.958975211474802e-09	1e-08	8.032955029110106e-10	0.1109884359753518	0.8890115640246482	6.024442716834661e-08	1.2409777086733864	1.1328042799748571e-07	12.328042799748571	1.9589752114748016e-09	1.2448719014343501	1.0	-1.9670449708898944e-10	0.8032955029110106	309.6
1.265179669924742e-06	1.2689201151234763e-06	1.3770690612598877e-09	1.2595004218570842e-09	7.987388190980351e-10	6.150302203669749e-12	6.150314881654453e-12	1.2677984703738781e-17	6.150314881654453e-12	0.09394800315818617	0.10549934853686427	0.011339257367712808	0.0002120880109652895	0.09416009116915146	86.29065035664706	6.290650356647063	0.07863312945808829	1.0786331294580882	0.6	1.0	100.67242541608825	7.339092082754917	0.5407329158201947	0.07963486300964233	0.07963486300083358	129.4359755349706	9.435975534970595	0.07863312945808829	1.0786331294580882	0.0007949220850372167	0.003164774074824111	0.0008439728431660423	0.0015258791466208517	0.0023208012316580685	1e-09	3.130074641674907e-07	1.2286817067229084e-07	1.0045851400430313e-08	1e-08	7.963486300964234e-10	0.11174157133002405	0.888258428669976	6.30074641674907e-08	1.2520298566699628	1.1286817067229084e-07	12.286817067229084	2.045851400430312e-09	1.255731425053789	1.0	-2.036513699035767e-10	0.7963486300964233	313.2
1.275785384405105e-06	1.2793339583746564e-06	1.3812980143933649e-09	1.2698369590525235e-09	7.922370446281103e-10	6.5453185626430604e-12	6.5453323947172414e-12	1.3832074181133484e-17	6.5453323947172414e-12	0.09425771790573154	0.1059126862405366	0.011441079892767119	0.00021388844203794116	0.09447160634776948	86.55261698266473	6.5526169826647305	0.08190771228330913	1.0819077122833092	0.6	1.0	100.97805314644218	7.64471981310885	0.5092430823240947	0.07898663118861135	0.07898663118052492	129.8289254739971	9.828925473997089	0.08190771228330908	1.0819077122833092	0.0007891301766131943	0.0031299840025299994	0.0008341839612828509	0.0015066698646339538	0.0022958000412471482	1e-09	3.1563133481139716e-07	1.2244785541640472e-07	1.0128296245115077e-08	1e-08	7.898663118861134e-10	0.11246947030963705	0.887530529690363	6.563133481139717e-08	1.2625253392455886	1.1244785541640472e-07	12.244785541640471	2.128296245115077e-09	1.2660370306393847	1.0	-2.1013368811388663e-10	0.7898663118861133	316.8
1.2858371269224763e-06	1.2891969170513065e-06	1.3850822164471554e-09	1.2796267011063731e-09	7.861760611279724e-10	6.960468897857497e-12	6.960483972875803e-12	1.5075018306408586e-17	6.960483972875803e-12	0.09456520122577194	0.10632259126693241	0.011541723776366359	0.00021566626479410355	0.09478086749056605	86.8009002150438	6.8009002150437965	0.08501125268804746	1.0850112526880475	0.6	1.0	101.2677169175511	7.93438358421777	0.47958707396331374	0.07838234655989852	0.07838234655260076	130.2013503225657	10.201350322565702	0.08501125268804752	1.0850112526880475	0.000783603655416567	0.003095968975629395	0.0008245529457412506	0.0014878123744715777	0.0022714160298881445	1e-09	3.181181519098841e-07	1.2202013539166167e-07	1.020637981874065e-08	1e-08	7.838234655989852e-10	0.11317291342899205	0.886827086571008	6.811815190988414e-08	1.2724726076395365	1.1202013539166168e-07	12.202013539166167	2.206379818740649e-09	1.275797477342581	1.0	-2.1617653440101489e-10	0.7838234655989851	320.40000000000003
1.2953442972509811e-06	1.2985186707859124e-06	1.3884398915784338e-09	1.288879255795398e-09	7.805322919553878e-10	7.396513207784069e-12	7.396529620203882e-12	1.6412419813195048e-17	7.396529620203882e-12	0.09487055509981347	0.10672918513505943	0.011641208139891817	0.0002174218953541316	0.0950879769951676	87.0357322330606	7.0357322330606	0.0879466529132575	1.0879466529132575	0.6	1.0	101.54168760523737	8.208354271904042	0.4516580970760015	0.0778196585144817	0.07781965850802944	130.5535983495909	10.553598349590914	0.08794665291325761	1.0879466529132575	0.0007783280083256201	0.0030627114949706618	0.0008150793385071831	0.0014693041481378588	0.0022476321564634787	1e-09	3.204702409820321e-07	1.2158563303690232e-07	1.0280178753514525e-08	1e-08	7.781965851448169e-10	0.11385268265625803	0.886147317343742	7.04702409820321e-08	1.2818809639281283	1.1158563303690232e-07	12.158563303690231	2.2801787535145245e-09	1.2850223441893156	1.0	-2.2180341485518312e-10	0.7781965851448169	324.0
1.304317065225182e-06	1.3073096389290668e-06	1.3913890383553232e-09	1.2976049651232524e-09	7.752836237623234e-10	7.85422999295749e-12	7.85424784311408e-12	1.7850156589018767e-17	7.85424784311408e-12	0.09517387593555784	0.10713258372242444	0.011739552040183229	0.00021915574668337066	0.09539303168224121	87.25736423688201	7.257364236882012	0.09071705296102514	1.090717052961025	0.6	1.0	101.80025827636236	8.466924943029028	0.42535557718498973	0.07729636233487476	0.0772963623290036	130.88604635532303	10.886046355323032	0.09071705296102527	1.0907170529610253	0.0007732895450284604	0.0030301944263040853	0.0008057625157800414	0.0014511423654955833	0.002224431910524044	1e-09	3.2269011806109934e-07	1.2114494130598003e-07	1.0349775537882193e-08	1e-08	7.729636233487476e-10	0.11450955822074005	0.88549044177926	7.269011806109935e-08	1.2907604722443975	1.1114494130598003e-07	12.114494130598002	2.3497755378821928e-09	1.2937219422352741	1.0	-2.2703637665125243e-10	0.7729636233487476	327.6
1.312766283967252e-06	1.3155808948497258e-06	1.393947380330711e-09	1.3058148202569182e-09	7.704092984575811e-10	8.334416443823822e-12	8.334435838215113e-12	1.9394391290962407e-17	8.334435838215113e-12	0.09547525488284056	0.10753289756128627	0.011836774450185512	0.00022086822826020144	0.09569612311110076	87.46606430423189	7.466064304231892	0.09332580380289865	1.0933258038028986	0.6	1.0	102.04374168827054	8.710408354937215	0.40058479680307024	0.07681038842372079	0.07681038841659572	131.19909645634786	11.19909645634786	0.09332580380289883	1.0933258038028988	0.0007684753506558107	0.0029984009945689376	0.0007966017018664277	0.0014333239420466993	0.00220179929270251	1e-09	3.24780468226787e-07	1.206986248625268e-07	1.0415257838055033e-08	1e-08	7.681038842372079e-10	0.11514431575344908	0.8848556842465509	7.478046822678703e-08	1.299121872907148	1.106986248625268e-07	12.06986248625268	2.415257838055033e-09	1.301907229756879	1.0	-2.318961157627922e-10	0.7681038842372078	331.2
1.3207034064017615e-06	1.3233440836298493e-06	1.3961323231005387e-09	1.3135203798323293e-09	7.658898141375164e-10	8.837888626962574e-12	8.837909678543729e-12	2.105158115454718e-17	8.837909678543729e-12	0.09577477813135402	0.10793023211836214	0.011932894241232013	0.00022255974577610588	0.09599733787713012	87.66211532826308	7.662115328263084	0.09577644160328855	1.0957764416032885	0.6	1.0	102.2724678829736	8.939134549640272	0.3772565543654601	0.07635979242650982	0.07635979242049087	131.49317299239462	11.49317299239462	0.09577644160328849	1.0957764416032885	0.0007638732411623512	0.002967314778143269	0.0007875959821527215	0.0014158455548281962	0.0021797187959905475	1e-09	3.2674412495086357e-07	1.2024722123336974e-07	1.047671784641105e-08	1e-08	7.635979242650982e-10	0.11575772374364657	0.8842422762563534	7.674412495086358e-08	1.3069764998034543	1.1024722123336974e-07	12.024722123336973	2.47671784641105e-09	1.3095897308013813	1.0	-2.3640207573490186e-10	0.7635979242650982	334.8
1.3281404053281168e-06	1.3306113433982863e-06	1.3979609174463032e-09	1.3207336918722294e-09	7.617068344375192e-10	9.365481669688663e-12	9.365504498176658e-12	2.2828487995882517e-17	9.365504498176658e-12	0.09607252719125559	0.10832468805897498	0.0120279301668539	0.0002242307008654987	0.09629675789212108	87.84581304330543	7.8458130433054265	0.09807266304131783	1.0980726630413178	0.6	1.0	102.48678188385634	9.15344855052301	0.3552868430075773	0.07594274619385324	0.07594274618821813	131.76871956495816	11.768719564958161	0.09807266304131801	1.098072663041318	0.0007594717212903828	0.002936919703067659	0.0007787443152331134	0.0013987036665441624	0.0021581753878345453	1e-09	3.2858405032295976e-07	1.1979124192242107e-07	1.0534251658706981e-08	1e-08	7.594274619385325e-10	0.116350541295138	0.883649458704862	7.858405032295977e-08	1.3143362012918391	1.0979124192242107e-07	11.979124192242107	2.5342516587069806e-09	1.3167814573383725	1.0	-2.4057253806146757e-10	0.7594274619385325	338.40000000000003
1.3350896972588367e-06	1.3373952304971198e-06	1.3994498281399254e-09	1.3274672195080333e-09	7.578431051113094e-10	9.918049943036971e-12	9.918074675225378e-12	2.473218840750154e-17	9.918074675225378e-12	0.09636857915765036	0.10871636149652988	0.012121900848016232	0.00022588149086329452	0.09659446064851365	88.01746414363188	8.017464143631884	0.10021830179539855	1.1002183017953986	0.6	1.0	102.68704150090386	9.353708167570531	0.33459654803380023	0.07555752946437652	0.07555752945918529	132.0261962154478	12.026196215447811	0.10021830179539842	1.1002183017953984	0.0007552599449660849	0.0029072000372530977	0.0007700455442441415	0.0013818945480428713	0.002137154493008956	1e-09	3.303033162080365e-07	1.193311734864791e-07	1.0587958681631388e-08	1e-08	7.555752946437652e-10	0.11692351616439323	0.8830764838356068	8.030331620803649e-08	1.321213264832146	1.093311734864791e-07	11.93311734864791	2.5879586816313873e-09	1.3234948352039233	1.0	-2.444247053562349e-10	0.7555752946437652	342.0
1.3415640702015901e-06	1.3437086486367248e-06	1.4006153079751877e-09	1.3337337706607975e-09	7.542823775546498e-10	1.0496467243127663e-11	1.0496494013211811e-11	2.677008414880403e-17	1.0496494013211811e-11	0.09666300695984396	0.10910534422812282	0.012214824759690483	0.00022751250858836687	0.09689051946843233	88.17738449963745	8.177384499637455	0.10221730624546818	1.102217306245468	0.6	1.0	102.87361524957703	9.5402819162437	0.31511116203403416	0.07520252223997562	0.0752025222352939	132.26607674945618	12.266076749456175	0.10221730624546813	1.102217306245468	0.0007512276779930481	0.002878140384682367	0.0007614984074519112	0.0013654142992374075	0.0021166419772304557	1e-09	3.319050863795461e-07	1.1886747857397199e-07	1.0637941071935825e-08	1e-08	7.520252223997562e-10	0.11747738306133504	0.882522616938665	8.190508637954613e-08	1.3276203455181845	1.0886747857397199e-07	11.886747857397198	2.6379410719358244e-09	1.329742633991978	1.0	-2.479747776002439e-10	0.7520252223997561	345.6
1.3475766154801796e-06	1.3495647821197812e-06	1.4014731766168311e-09	1.3395464317609356e-09	7.510093384610904e-10	1.1101626970918769e-11	1.11016559208315e-11	2.8949912731044896e-17	1.11016559208315e-11	0.09695587959628423	0.10949172395710728	0.012306720218672022	0.00022912414215103832	0.09718500373843526	88.32589747378238	8.325897473782376	0.1040737184222797	1.1040737184222797	0.6	1.0	103.04688038607944	9.713547052746108	0.2967605165769183	0.07487619777244174	0.07487619776809741	132.48884621067356	12.488846210673557	0.10407371842227965	1.1040737184222797	0.0007473652629040575	0.0028497256796135924	0.0007531015481392133	0.0013492588685703219	0.002096624131474379	1e-09	3.333925996518353e-07	1.1840059692785821e-07	1.0684303207779297e-08	1e-08	7.487619777244174e-10	0.11801286219508678	0.8819871378049132	8.339259965183533e-08	1.3335703986073413	1.0840059692785822e-07	11.840059692785822	2.6843032077792963e-09	1.335537900972412	1.0	-2.512380222755827e-10	0.7487619777244173	349.2
1.353140663659509e-06	1.3549770331834038e-06	1.4020388038552166e-09	1.3449185055554832e-09	7.480095451094688e-10	1.1734442310349761e-11	1.1734473590107959e-11	3.127975819716321e-17	1.1734473590107959e-11	0.0972472623560212	0.10987558450336414	0.012397605372560018	0.0002307167747829245	0.09747797913080412	88.46333233790563	8.463332337905626	0.10579165422382034	1.1057916542238204	0.6	1.0	103.20722106088989	9.873887727556564	0.27947852951386976	0.0745771161115762	0.07457711610760732	132.69499850685844	12.69499850685844	0.10579165422382034	1.1057916542238204	0.0007436635858457498	0.0028219411807938305	0.0007448535238351331	0.0013334240711129475	0.0020770876569586975	1e-09	3.3476915402787996e-07	1.1793094635358386e-07	1.0727151192675244e-08	1e-08	7.45771161115762e-10	0.11853065804630258	0.8814693419536974	8.476915402787997e-08	1.33907661611152	1.0793094635358386e-07	11.793094635358386	2.7271511926752433e-09	1.3408938990844055	1.0	-2.5422883888423806e-10	0.7457711611157619	352.8
1.3582697246066821e-06	1.3599589634790397e-06	1.402327096857536e-09	1.349863453022413e-09	7.45269365795251e-10	1.239584640487478e-11	1.2395880172936877e-11	3.376806209729722e-17	1.2395880172936877e-11	0.09753721702743123	0.11025700600194392	0.012487498189825067	0.00023229078468761126	0.09776950781211885	88.59002279270315	8.590022792703152	0.1073752849087894	1.1073752849087894	0.6	1.0	103.355026591487	10.021693258153675	0.26320296702452844	0.07430391816615017	0.07430391816261407	132.88503418905472	12.885034189054721	0.10737528490878935	1.1073752849087894	0.0007401140453832877	0.002794772465689979	0.0007367528149255425	0.0013179056053811485	0.002058019650764436	1e-09	3.360380918703057e-07	1.1745892365286746e-07	1.076659239219661e-08	1e-08	7.430391816615018e-10	0.11903145834727324	0.8809685416527268	8.603809187030571e-08	1.3441523674812228	1.0745892365286746e-07	11.745892365286746	2.7665923921966097e-09	1.345824049024576	1.0	-2.569608183384983e-10	0.7430391816615017	356.40000000000003
1.3629774316657451e-06	1.3645242396552668e-06	1.40235249104066e-09	1.3543948393573933e-09	7.427759249420631e-10	1.3086792532393025e-11	1.3086828956027685e-11	3.642363465982186e-17	1.3086828956027685e-11	0.09782580209497418	0.11063606509077362	0.012576416450888807	0.00023384654491063317	0.09805964863988481	88.70630558881516	8.706305588815155	0.10882881986018944	1.1088288198601894	0.6	1.0	103.49068985361768	10.157356520284353	0.24787521950853925	0.07405532023148301	0.07405532022823526	133.05945838322273	13.059458383222733	0.10882881986018944	1.1088288198601894	0.0007367085231088065	0.002768205424743627	0.0007287978326838161	0.0013026990689510045	0.002039407592059811	1e-09	3.372027860901301e-07	1.1698490552417856e-07	1.0802735003162976e-08	1e-08	7.405532023148301e-10	0.11951593325289445	0.8804840667471056	8.720278609013011e-08	1.3488111443605204	1.0698490552417856e-07	11.698490552417855	2.802735003162975e-09	1.3503418753953718	1.0	-2.5944679768517e-10	0.74055320231483	360.0
